"data";"tipo_teste";"testes_negativos";"testes_positivos";"testes_inconclusivos"
2020-03-15;"Enzimaimunoensaio - ELISA IgM";0;1;0
2020-03-15;"RT-PCR";225;195;225
2020-03-15;"TESTE RÁPIDO - ANTICORPO";19;6;19
2020-03-16;"RT-PCR";607;273;607
2020-03-16;"TESTE RÁPIDO - ANTICORPO";46;12;46
2020-03-16;"TESTE RÁPIDO - ANTÍGENO";3;1;3
2020-03-17;"Enzimaimunoensaio - ELISA IgM";1;0;1
2020-03-17;"RT-PCR";610;387;610
2020-03-17;"TESTE RÁPIDO - ANTICORPO";44;57;44
2020-03-17;"TESTE RÁPIDO - ANTÍGENO";2;1;2
2020-03-18;"Imunoensaio por Eletroquimioluminescência - ECLIA IgG";0;2;0
2020-03-18;"RT-PCR";597;330;597
2020-03-18;"TESTE RÁPIDO - ANTICORPO";154;7;154
2020-03-18;"TESTE RÁPIDO - ANTÍGENO";1;0;1
2020-03-19;"Quimioluminescência - CLIA";0;1;0
2020-03-19;"RT-PCR";611;391;611
2020-03-19;"TESTE RÁPIDO - ANTICORPO";77;13;77
2020-03-20;"Enzimaimunoensaio  ELISA";1;0;1
2020-03-20;"RT-PCR";792;448;792
2020-03-20;"TESTE RÁPIDO - ANTICORPO";168;21;168
2020-03-20;"TESTE RÁPIDO - ANTÍGENO";4;3;4
2020-03-21;"Enzimaimunoensaio - ELISA IgM";0;1;0
2020-03-21;"Imunoensaio por Eletroquimioluminescência - ECLIA IgG";0;1;0
2020-03-21;"RT-PCR";386;250;386
2020-03-21;"TESTE RÁPIDO - ANTICORPO";83;12;83
2020-03-21;"TESTE RÁPIDO - ANTÍGENO";1;1;1
2020-03-22;"RT-PCR";458;285;458
2020-03-22;"TESTE RÁPIDO - ANTICORPO";91;13;91
2020-03-22;"TESTE RÁPIDO - ANTÍGENO";6;0;6
2020-03-23;"Enzimaimunoensaio - ELISA IgM";1;0;1
2020-03-23;"Imunoensaio por Eletroquimioluminescência - ECLIA IgG";1;1;1
2020-03-23;"RT-PCR";978;539;978
2020-03-23;"TESTE RÁPIDO - ANTICORPO";219;31;219
2020-03-23;"TESTE RÁPIDO - ANTÍGENO";12;1;12
2020-03-24;"Imunoensaio por Eletroquimioluminescência - ECLIA IgG";1;0;1
2020-03-24;"RT-PCR";1814;542;1814
2020-03-24;"TESTE RÁPIDO - ANTICORPO";314;25;314
2020-03-24;"TESTE RÁPIDO - ANTÍGENO";11;2;11
2020-03-25;"Enzimaimunoensaio - ELISA IgM";1;1;1
2020-03-25;"Quimioluminescência - CLIA";3;0;3
2020-03-25;"RT-PCR";1069;556;1069
2020-03-25;"TESTE RÁPIDO - ANTICORPO";382;44;382
2020-03-25;"TESTE RÁPIDO - ANTÍGENO";14;2;14
2020-03-26;"Quimioluminescência - CLIA";2;0;2
2020-03-26;"RT-PCR";1032;529;1032
2020-03-26;"TESTE RÁPIDO - ANTICORPO";588;48;588
2020-03-26;"TESTE RÁPIDO - ANTÍGENO";3;2;3
2020-03-27;"Enzimaimunoensaio  ELISA";0;1;0
2020-03-27;"Enzimaimunoensaio - ELISA IgM";1;0;1
2020-03-27;"Imunoensaio por Eletroquimioluminescência - ECLIA IgG";0;1;0
2020-03-27;"RT-PCR";2214;1224;2214
2020-03-27;"TESTE RÁPIDO - ANTICORPO";272;107;272
2020-03-27;"TESTE RÁPIDO - ANTÍGENO";17;1;17
2020-03-28;"Quimioluminescência - CLIA";1;1;1
2020-03-28;"RT-PCR";876;737;876
2020-03-28;"TESTE RÁPIDO - ANTICORPO";138;29;138
2020-03-28;"TESTE RÁPIDO - ANTÍGENO";3;4;3
2020-03-29;"Quimioluminescência - CLIA";3;0;3
2020-03-29;"RT-PCR";844;520;844
2020-03-29;"TESTE RÁPIDO - ANTICORPO";72;63;72
2020-03-29;"TESTE RÁPIDO - ANTÍGENO";5;1;5
2020-03-30;"Enzimaimunoensaio - ELISA IgM";0;1;0
2020-03-30;"RT-PCR";2731;1694;2731
2020-03-30;"Teste rápido";0;0;0
2020-03-30;"TESTE RÁPIDO - ANTICORPO";349;119;349
2020-03-30;"TESTE RÁPIDO - ANTÍGENO";17;3;17
2020-03-31;"Imunoensaio por Eletroquimioluminescência - ECLIA IgG";0;1;0
2020-03-31;"RT-PCR";2456;1412;2456
2020-03-31;"Teste rápido";0;0;0
2020-03-31;"TESTE RÁPIDO - ANTICORPO";301;111;301
2020-03-31;"TESTE RÁPIDO - ANTÍGENO";10;2;10
2020-04-01;"Enzimaimunoensaio  ELISA";0;1;0
2020-04-01;"Imunoensaio por Eletroquimioluminescência - ECLIA IgG";0;1;0
2020-04-01;"Quimioluminescência - CLIA";0;1;0
2020-04-01;"RT-PCR";2027;1305;2027
2020-04-01;"Teste rápido";1;0;1
2020-04-01;"TESTE RÁPIDO - ANTICORPO";319;70;319
2020-04-01;"TESTE RÁPIDO - ANTÍGENO";17;10;17
2020-04-01;NA;0;0;0
2020-04-02;"Enzimaimunoensaio  ELISA";0;1;0
2020-04-02;"Enzimaimunoensaio - ELISA IgM";0;1;0
2020-04-02;"Imunoensaio por Eletroquimioluminescência - ECLIA IgG";0;2;0
2020-04-02;"Quimioluminescência - CLIA";1;0;1
2020-04-02;"RT-PCR";2122;1271;2122
2020-04-02;"Teste rápido";0;0;0
2020-04-02;"TESTE RÁPIDO - ANTICORPO";322;69;322
2020-04-02;"TESTE RÁPIDO - ANTÍGENO";17;4;17
2020-04-03;"Enzimaimunoensaio  ELISA";0;1;0
2020-04-03;"Enzimaimunoensaio - ELISA IgM";1;1;1
2020-04-03;"Imunoensaio por Eletroquimioluminescência - ECLIA IgG";1;1;1
2020-04-03;"Quimioluminescência - CLIA";0;1;0
2020-04-03;"RT-PCR";1987;1421;1987
2020-04-03;"Teste rápido";1;0;1
2020-04-03;"TESTE RÁPIDO - ANTICORPO";308;66;308
2020-04-03;"TESTE RÁPIDO - ANTÍGENO";22;19;22
2020-04-04;"Enzimaimunoensaio - ELISA IgM";1;2;1
2020-04-04;"RT-PCR";802;775;802
2020-04-04;"TESTE RÁPIDO - ANTICORPO";83;41;83
2020-04-04;"TESTE RÁPIDO - ANTÍGENO";8;2;8
2020-04-05;"RT-PCR";814;597;814
2020-04-05;"Teste rápido";0;0;0
2020-04-05;"TESTE RÁPIDO - ANTICORPO";91;43;91
2020-04-05;"TESTE RÁPIDO - ANTÍGENO";5;6;5
2020-04-06;"Enzimaimunoensaio - ELISA IgM";2;3;2
2020-04-06;"Imunoensaio por Eletroquimioluminescência - ECLIA IgG";0;1;0
2020-04-06;"RT-PCR";2475;2130;2475
2020-04-06;"Teste rápido";0;0;0
2020-04-06;"TESTE RÁPIDO - ANTICORPO";265;102;265
2020-04-06;"TESTE RÁPIDO - ANTÍGENO";10;6;10
2020-04-07;"Enzimaimunoensaio  ELISA";1;0;1
2020-04-07;"Enzimaimunoensaio - ELISA IgM";1;1;1
2020-04-07;"RT-PCR";2679;1981;2679
2020-04-07;"Teste rápido";0;0;0
2020-04-07;"TESTE RÁPIDO - ANTICORPO";340;145;340
2020-04-07;"TESTE RÁPIDO - ANTÍGENO";9;13;9
2020-04-08;"Enzimaimunoensaio - ELISA IgM";1;2;1
2020-04-08;"Quimioluminescência - CLIA";0;1;0
2020-04-08;"RT-PCR";2291;1822;2291
2020-04-08;"Teste rápido";2;0;2
2020-04-08;"TESTE RÁPIDO - ANTICORPO";535;197;535
2020-04-08;"TESTE RÁPIDO - ANTÍGENO";21;16;21
2020-04-09;"Enzimaimunoensaio  ELISA";0;1;0
2020-04-09;"Enzimaimunoensaio - ELISA IgM";0;2;0
2020-04-09;"Imunoensaio por Eletroquimioluminescência - ECLIA IgG";0;2;0
2020-04-09;"Quimioluminescência - CLIA";0;1;0
2020-04-09;"RT-PCR";2254;1538;2254
2020-04-09;"Teste rápido";0;0;0
2020-04-09;"TESTE RÁPIDO - ANTICORPO";441;179;441
2020-04-09;"TESTE RÁPIDO - ANTÍGENO";24;16;24
2020-04-10;"Enzimaimunoensaio - ELISA IgM";1;1;1
2020-04-10;"RT-PCR";1065;1390;1065
2020-04-10;"Teste rápido";0;0;0
2020-04-10;"TESTE RÁPIDO - ANTICORPO";174;106;174
2020-04-10;"TESTE RÁPIDO - ANTÍGENO";19;26;19
2020-04-11;"Enzimaimunoensaio - ELISA IgM";0;1;0
2020-04-11;"RT-PCR";1084;1235;1084
2020-04-11;"Teste rápido";0;0;0
2020-04-11;"TESTE RÁPIDO - ANTICORPO";248;94;248
2020-04-11;"TESTE RÁPIDO - ANTÍGENO";14;13;14
2020-04-12;"Enzimaimunoensaio - ELISA IgM";0;1;0
2020-04-12;"RT-PCR";698;1138;698
2020-04-12;"Teste rápido";0;0;0
2020-04-12;"TESTE RÁPIDO - ANTICORPO";325;85;325
2020-04-12;"TESTE RÁPIDO - ANTÍGENO";9;20;9
2020-04-13;"Enzimaimunoensaio  ELISA";1;2;1
2020-04-13;"Enzimaimunoensaio - ELISA IgM";0;1;0
2020-04-13;"Imunoensaio por Eletroquimioluminescência - ECLIA IgG";0;3;0
2020-04-13;"Quimioluminescência - CLIA";1;0;1
2020-04-13;"RT-PCR";3123;2383;3123
2020-04-13;"Teste rápido";0;0;0
2020-04-13;"TESTE RÁPIDO - ANTICORPO";896;329;896
2020-04-13;"TESTE RÁPIDO - ANTÍGENO";50;22;50
2020-04-14;"Enzimaimunoensaio  ELISA";0;1;0
2020-04-14;"Enzimaimunoensaio - ELISA IgM";0;3;0
2020-04-14;"RT-PCR";2693;2794;2693
2020-04-14;"TESTE RÁPIDO - ANTICORPO";905;377;905
2020-04-14;"TESTE RÁPIDO - ANTÍGENO";71;34;71
2020-04-15;"Enzimaimunoensaio  ELISA";0;2;0
2020-04-15;"Enzimaimunoensaio - ELISA IgM";1;2;1
2020-04-15;"Imunoensaio por Eletroquimioluminescência  ECLIA";1;2;1
2020-04-15;"Imunoensaio por Eletroquimioluminescência - ECLIA IgG";0;1;0
2020-04-15;"Quimioluminescência - CLIA";1;0;1
2020-04-15;"RT-PCR";2618;2676;2618
2020-04-15;"TESTE RÁPIDO - ANTICORPO";1267;498;1267
2020-04-15;"TESTE RÁPIDO - ANTÍGENO";60;61;60
2020-04-16;"Enzimaimunoensaio - ELISA IgM";0;2;0
2020-04-16;"Imunoensaio por Eletroquimioluminescência  ECLIA";0;1;0
2020-04-16;"Imunoensaio por Eletroquimioluminescência - ECLIA IgG";2;3;2
2020-04-16;"Quimioluminescência - CLIA";0;1;0
2020-04-16;"RT-PCR";2618;2520;2618
2020-04-16;"TESTE RÁPIDO - ANTICORPO";1463;458;1463
2020-04-16;"TESTE RÁPIDO - ANTÍGENO";81;95;81
2020-04-16;NA;0;0;0
2020-04-17;"Enzimaimunoensaio  ELISA";0;3;0
2020-04-17;"Enzimaimunoensaio - ELISA IgM";1;1;1
2020-04-17;"Imunoensaio por Eletroquimioluminescência  ECLIA";0;2;0
2020-04-17;"RT-PCR";2537;2521;2537
2020-04-17;"TESTE RÁPIDO - ANTICORPO";1724;566;1724
2020-04-17;"TESTE RÁPIDO - ANTÍGENO";84;71;84
2020-04-18;"Enzimaimunoensaio  ELISA";1;0;1
2020-04-18;"Enzimaimunoensaio - ELISA IgM";0;2;0
2020-04-18;"Imunoensaio por Eletroquimioluminescência  ECLIA";0;1;0
2020-04-18;"Imunoensaio por Eletroquimioluminescência - ECLIA IgG";0;1;0
2020-04-18;"RT-PCR";1123;1410;1123
2020-04-18;"TESTE RÁPIDO - ANTICORPO";794;276;794
2020-04-18;"TESTE RÁPIDO - ANTÍGENO";48;26;48
2020-04-19;"Enzimaimunoensaio - ELISA IgM";0;1;0
2020-04-19;"RT-PCR";989;1270;989
2020-04-19;"TESTE RÁPIDO - ANTICORPO";364;258;364
2020-04-19;"TESTE RÁPIDO - ANTÍGENO";29;19;29
2020-04-20;"Enzimaimunoensaio  ELISA";0;2;0
2020-04-20;"Enzimaimunoensaio - ELISA IgM";0;1;0
2020-04-20;"Imunoensaio por Eletroquimioluminescência - ECLIA IgG";0;4;0
2020-04-20;"Quimioluminescência - CLIA";0;1;0
2020-04-20;"RT-PCR";2864;3512;2864
2020-04-20;"TESTE RÁPIDO - ANTICORPO";2145;858;2145
2020-04-20;"TESTE RÁPIDO - ANTÍGENO";190;105;190
2020-04-20;NA;0;0;0
2020-04-21;"Enzimaimunoensaio  ELISA";1;0;1
2020-04-21;"Enzimaimunoensaio - ELISA IgM";1;1;1
2020-04-21;"Imunoensaio por Eletroquimioluminescência - ECLIA IgG";0;1;0
2020-04-21;"RT-PCR";1202;1389;1202
2020-04-21;"TESTE RÁPIDO - ANTICORPO";660;321;660
2020-04-21;"TESTE RÁPIDO - ANTÍGENO";46;25;46
2020-04-22;"Enzimaimunoensaio - ELISA IgM";4;1;4
2020-04-22;"Imunoensaio por Eletroquimioluminescência - ECLIA IgG";1;2;1
2020-04-22;"RT-PCR";2220;2160;2220
2020-04-22;"TESTE RÁPIDO - ANTICORPO";1883;743;1883
2020-04-22;"TESTE RÁPIDO - ANTÍGENO";123;70;123
2020-04-22;NA;0;1;0
2020-04-23;"Enzimaimunoensaio - ELISA IgM";0;3;0
2020-04-23;"Imunoensaio por Eletroquimioluminescência - ECLIA IgG";7;4;7
2020-04-23;"Quimioluminescência - CLIA";2;0;2
2020-04-23;"RT-PCR";2164;2057;2164
2020-04-23;"TESTE RÁPIDO - ANTICORPO";2263;915;2263
2020-04-23;"TESTE RÁPIDO - ANTÍGENO";191;65;191
2020-04-23;NA;0;0;0
2020-04-24;"Enzimaimunoensaio  ELISA";2;6;2
2020-04-24;"Enzimaimunoensaio - ELISA IgM";1;2;1
2020-04-24;"Imunoensaio por Eletroquimioluminescência - ECLIA IgG";0;3;0
2020-04-24;"Quimioluminescência - CLIA";1;0;1
2020-04-24;"RT-PCR";3590;4325;3590
2020-04-24;"TESTE RÁPIDO - ANTICORPO";3129;1556;3129
2020-04-24;"TESTE RÁPIDO - ANTÍGENO";327;130;327
2020-04-24;NA;0;0;0
2020-04-25;"Enzimaimunoensaio - ELISA IgM";2;5;2
2020-04-25;"Imunoensaio por Eletroquimioluminescência - ECLIA IgG";0;2;0
2020-04-25;"RT-PCR";1517;1718;1517
2020-04-25;"TESTE RÁPIDO - ANTICORPO";1195;651;1195
2020-04-25;"TESTE RÁPIDO - ANTÍGENO";135;66;135
2020-04-25;NA;0;0;0
2020-04-26;"Enzimaimunoensaio - ELISA IgM";0;4;0
2020-04-26;"Imunoensaio por Eletroquimioluminescência - ECLIA IgG";0;5;0
2020-04-26;"RT-PCR";914;1097;914
2020-04-26;"TESTE RÁPIDO - ANTICORPO";856;459;856
2020-04-26;"TESTE RÁPIDO - ANTÍGENO";71;54;71
2020-04-27;"Enzimaimunoensaio  ELISA";0;2;0
2020-04-27;"Enzimaimunoensaio - ELISA IgM";2;3;2
2020-04-27;"Imunoensaio por Eletroquimioluminescência  ECLIA";0;2;0
2020-04-27;"Imunoensaio por Eletroquimioluminescência - ECLIA IgG";1;3;1
2020-04-27;"RT-PCR";4128;4047;4128
2020-04-27;"TESTE RÁPIDO - ANTICORPO";4576;1869;4576
2020-04-27;"TESTE RÁPIDO - ANTÍGENO";252;156;252
2020-04-27;NA;0;0;0
2020-04-28;"Enzimaimunoensaio - ELISA IgM";0;2;0
2020-04-28;"Imunoensaio por Eletroquimioluminescência  ECLIA";0;1;0
2020-04-28;"Imunoensaio por Eletroquimioluminescência - ECLIA IgG";0;1;0
2020-04-28;"RT-PCR";4141;5465;4141
2020-04-28;"TESTE RÁPIDO - ANTICORPO";4347;1771;4347
2020-04-28;"TESTE RÁPIDO - ANTÍGENO";231;170;231
2020-04-28;NA;0;0;0
2020-04-29;"Enzimaimunoensaio - ELISA IgM";1;2;1
2020-04-29;"Imunoensaio por Eletroquimioluminescência  ECLIA";1;0;1
2020-04-29;"Imunoensaio por Eletroquimioluminescência - ECLIA IgG";1;4;1
2020-04-29;"RT-PCR";3463;3268;3463
2020-04-29;"TESTE RÁPIDO - ANTICORPO";4927;2008;4927
2020-04-29;"TESTE RÁPIDO - ANTÍGENO";293;163;293
2020-04-29;NA;0;0;0
2020-04-30;"Enzimaimunoensaio  ELISA";3;0;3
2020-04-30;"Enzimaimunoensaio - ELISA IgM";1;2;1
2020-04-30;"Imunoensaio por Eletroquimioluminescência - ECLIA IgG";1;4;1
2020-04-30;"RT-PCR";3282;3555;3282
2020-04-30;"TESTE RÁPIDO - ANTICORPO";5210;2448;5210
2020-04-30;"TESTE RÁPIDO - ANTÍGENO";343;194;343
2020-04-30;NA;0;0;0
2020-05-01;"Enzimaimunoensaio - ELISA IgM";2;1;2
2020-05-01;"Imunoensaio por Eletroquimioluminescência - ECLIA IgG";2;1;2
2020-05-01;"RT-PCR";1472;1708;1472
2020-05-01;"TESTE RÁPIDO - ANTICORPO";1929;1172;1929
2020-05-01;"TESTE RÁPIDO - ANTÍGENO";166;128;166
2020-05-01;NA;0;0;0
2020-05-02;"Enzimaimunoensaio - ELISA IgM";2;2;2
2020-05-02;"Imunoensaio por Eletroquimioluminescência - ECLIA IgG";2;3;2
2020-05-02;"RT-PCR";1568;1953;1568
2020-05-02;"TESTE RÁPIDO - ANTICORPO";2324;1009;2324
2020-05-02;"TESTE RÁPIDO - ANTÍGENO";182;110;182
2020-05-02;NA;0;0;0
2020-05-03;"Enzimaimunoensaio - ELISA IgM";0;1;0
2020-05-03;"RT-PCR";996;1423;996
2020-05-03;"TESTE RÁPIDO - ANTICORPO";1272;940;1272
2020-05-03;"TESTE RÁPIDO - ANTÍGENO";117;81;117
2020-05-04;"Enzimaimunoensaio  ELISA";2;1;2
2020-05-04;"Enzimaimunoensaio - ELISA IgM";2;5;2
2020-05-04;"Imunoensaio por Eletroquimioluminescência  ECLIA";0;2;0
2020-05-04;"Imunoensaio por Eletroquimioluminescência - ECLIA IgG";2;5;2
2020-05-04;"RT-PCR";3869;4318;3869
2020-05-04;"TESTE RÁPIDO - ANTICORPO";6792;3440;6792
2020-05-04;"TESTE RÁPIDO - ANTÍGENO";472;302;472
2020-05-04;NA;0;0;0
2020-05-05;"Enzimaimunoensaio - ELISA IgM";0;3;0
2020-05-05;"Imunoensaio por Eletroquimioluminescência - ECLIA IgG";2;2;2
2020-05-05;"Quimioluminescência - CLIA";2;0;2
2020-05-05;"RT-PCR";3454;4264;3454
2020-05-05;"TESTE RÁPIDO - ANTICORPO";6861;3915;6861
2020-05-05;"TESTE RÁPIDO - ANTÍGENO";456;325;456
2020-05-06;"Enzimaimunoensaio  ELISA";1;0;1
2020-05-06;"Enzimaimunoensaio - ELISA IgM";13;5;13
2020-05-06;"Imunoensaio por Eletroquimioluminescência - ECLIA IgG";0;10;0
2020-05-06;"RT-PCR";3551;4201;3551
2020-05-06;"TESTE RÁPIDO - ANTICORPO";7168;4061;7168
2020-05-06;"TESTE RÁPIDO - ANTÍGENO";513;338;513
2020-05-06;NA;0;0;0
2020-05-07;"Enzimaimunoensaio  ELISA";1;0;1
2020-05-07;"Enzimaimunoensaio - ELISA IgM";8;7;8
2020-05-07;"Imunoensaio por Eletroquimioluminescência - ECLIA IgG";2;7;2
2020-05-07;"RT-PCR";3704;4096;3704
2020-05-07;"TESTE RÁPIDO - ANTICORPO";8253;4564;8253
2020-05-07;"TESTE RÁPIDO - ANTÍGENO";731;392;731
2020-05-07;NA;0;0;0
2020-05-08;"Enzimaimunoensaio  ELISA";2;1;2
2020-05-08;"Enzimaimunoensaio - ELISA IgM";4;6;4
2020-05-08;"Imunoensaio por Eletroquimioluminescência  ECLIA";0;2;0
2020-05-08;"Imunoensaio por Eletroquimioluminescência - ECLIA IgG";3;8;3
2020-05-08;"RT-PCR";3719;4126;3719
2020-05-08;"TESTE RÁPIDO - ANTICORPO";8450;5132;8450
2020-05-08;"TESTE RÁPIDO - ANTÍGENO";717;438;717
2020-05-08;NA;0;0;0
2020-05-09;"Enzimaimunoensaio - ELISA IgM";3;2;3
2020-05-09;"Imunoensaio por Eletroquimioluminescência - ECLIA IgG";1;2;1
2020-05-09;"Quimioluminescência - CLIA";1;0;1
2020-05-09;"RT-PCR";1406;2138;1406
2020-05-09;"TESTE RÁPIDO - ANTICORPO";3417;2322;3417
2020-05-09;"TESTE RÁPIDO - ANTÍGENO";229;149;229
2020-05-10;"Enzimaimunoensaio  ELISA";0;2;0
2020-05-10;"Enzimaimunoensaio - ELISA IgM";3;4;3
2020-05-10;"Imunoensaio por Eletroquimioluminescência - ECLIA IgG";1;1;1
2020-05-10;"RT-PCR";1020;1457;1020
2020-05-10;"TESTE RÁPIDO - ANTICORPO";2038;1586;2038
2020-05-10;"TESTE RÁPIDO - ANTÍGENO";180;124;180
2020-05-10;NA;0;0;0
2020-05-11;"Enzimaimunoensaio  ELISA";0;4;0
2020-05-11;"Enzimaimunoensaio - ELISA IgM";5;12;5
2020-05-11;"Imunoensaio por Eletroquimioluminescência  ECLIA";0;1;0
2020-05-11;"Imunoensaio por Eletroquimioluminescência - ECLIA IgG";2;4;2
2020-05-11;"RT-PCR";3197;3316;3197
2020-05-11;"TESTE RÁPIDO - ANTICORPO";8243;5186;8243
2020-05-11;"TESTE RÁPIDO - ANTÍGENO";519;444;519
2020-05-12;"Enzimaimunoensaio  ELISA";0;1;0
2020-05-12;"Enzimaimunoensaio - ELISA IgM";6;9;6
2020-05-12;"Imunoensaio por Eletroquimioluminescência  ECLIA";0;3;0
2020-05-12;"Imunoensaio por Eletroquimioluminescência - ECLIA IgG";5;5;5
2020-05-12;"RT-PCR";4454;4924;4454
2020-05-12;"TESTE RÁPIDO - ANTICORPO";11616;7184;11616
2020-05-12;"TESTE RÁPIDO - ANTÍGENO";695;730;695
2020-05-12;NA;0;0;0
2020-05-13;"Enzimaimunoensaio  ELISA";0;2;0
2020-05-13;"Enzimaimunoensaio - ELISA IgM";8;8;8
2020-05-13;"Imunoensaio por Eletroquimioluminescência  ECLIA";0;1;0
2020-05-13;"Imunoensaio por Eletroquimioluminescência - ECLIA IgG";1;6;1
2020-05-13;"Quimioluminescência - CLIA";1;0;1
2020-05-13;"RT-PCR";4802;4923;4802
2020-05-13;"TESTE RÁPIDO - ANTICORPO";12268;7751;12268
2020-05-13;"TESTE RÁPIDO - ANTÍGENO";663;542;663
2020-05-13;NA;0;0;0
2020-05-14;"Enzimaimunoensaio - ELISA IgM";4;7;4
2020-05-14;"Imunoensaio por Eletroquimioluminescência - ECLIA IgG";3;9;3
2020-05-14;"RT-PCR";4550;4615;4550
2020-05-14;"TESTE RÁPIDO - ANTICORPO";12113;7869;12113
2020-05-14;"TESTE RÁPIDO - ANTÍGENO";869;606;869
2020-05-14;NA;0;0;0
2020-05-15;"Enzimaimunoensaio  ELISA";1;0;1
2020-05-15;"Enzimaimunoensaio - ELISA IgM";9;9;9
2020-05-15;"Imunoensaio por Eletroquimioluminescência  ECLIA";2;0;2
2020-05-15;"Imunoensaio por Eletroquimioluminescência - ECLIA IgG";1;7;1
2020-05-15;"Quimioluminescência - CLIA";1;0;1
2020-05-15;"RT-PCR";4400;4555;4400
2020-05-15;"TESTE RÁPIDO - ANTICORPO";12661;8064;12661
2020-05-15;"TESTE RÁPIDO - ANTÍGENO";943;589;943
2020-05-15;NA;0;0;0
2020-05-16;"Enzimaimunoensaio  ELISA";0;3;0
2020-05-16;"Enzimaimunoensaio - ELISA IgM";2;10;2
2020-05-16;"Imunoensaio por Eletroquimioluminescência - ECLIA IgG";1;1;1
2020-05-16;"RT-PCR";1802;2515;1802
2020-05-16;"TESTE RÁPIDO - ANTICORPO";4771;3607;4771
2020-05-16;"TESTE RÁPIDO - ANTÍGENO";324;299;324
2020-05-16;NA;0;0;0
2020-05-17;"Enzimaimunoensaio - ELISA IgM";1;5;1
2020-05-17;"Imunoensaio por Eletroquimioluminescência - ECLIA IgG";0;2;0
2020-05-17;"RT-PCR";1322;1789;1322
2020-05-17;"TESTE RÁPIDO - ANTICORPO";2755;2452;2755
2020-05-17;"TESTE RÁPIDO - ANTÍGENO";273;180;273
2020-05-17;NA;0;0;0
2020-05-18;"Enzimaimunoensaio  ELISA";3;0;3
2020-05-18;"Enzimaimunoensaio - ELISA IgM";8;10;8
2020-05-18;"Imunoensaio por Eletroquimioluminescência  ECLIA";0;2;0
2020-05-18;"Imunoensaio por Eletroquimioluminescência - ECLIA IgG";12;6;12
2020-05-18;"Quimioluminescência - CLIA";0;1;0
2020-05-18;"RT-PCR";4996;5170;4996
2020-05-18;"TESTE RÁPIDO - ANTICORPO";15389;10061;15389
2020-05-18;"TESTE RÁPIDO - ANTÍGENO";962;732;962
2020-05-18;NA;0;0;0
2020-05-19;"Enzimaimunoensaio  ELISA";2;1;2
2020-05-19;"Enzimaimunoensaio - ELISA IgM";89;9;89
2020-05-19;"Imunoensaio por Eletroquimioluminescência  ECLIA";1;0;1
2020-05-19;"Imunoensaio por Eletroquimioluminescência - ECLIA IgG";4;12;4
2020-05-19;"RT-PCR";5585;6054;5585
2020-05-19;"TESTE RÁPIDO - ANTICORPO";17619;10913;17619
2020-05-19;"TESTE RÁPIDO - ANTÍGENO";1338;898;1338
2020-05-19;NA;0;0;0
2020-05-20;"Enzimaimunoensaio - ELISA IgM";18;4;18
2020-05-20;"Imunoensaio por Eletroquimioluminescência  ECLIA";0;2;0
2020-05-20;"Imunoensaio por Eletroquimioluminescência - ECLIA IgG";14;13;14
2020-05-20;"Quimioluminescência - CLIA";2;3;2
2020-05-20;"RT-PCR";5490;5350;5490
2020-05-20;"TESTE RÁPIDO - ANTICORPO";18229;11878;18229
2020-05-20;"TESTE RÁPIDO - ANTÍGENO";1091;691;1091
2020-05-20;NA;0;0;0
2020-05-21;"Enzimaimunoensaio  ELISA";3;1;3
2020-05-21;"Enzimaimunoensaio - ELISA IgM";91;11;91
2020-05-21;"Imunoensaio por Eletroquimioluminescência - ECLIA IgG";6;8;6
2020-05-21;"Quimioluminescência - CLIA";2;0;2
2020-05-21;"RT-PCR";5450;5693;5450
2020-05-21;"TESTE RÁPIDO - ANTICORPO";18271;11935;18271
2020-05-21;"TESTE RÁPIDO - ANTÍGENO";1103;772;1103
2020-05-21;NA;0;0;0
2020-05-22;"Enzimaimunoensaio  ELISA";9;9;9
2020-05-22;"Enzimaimunoensaio - ELISA IgM";138;6;138
2020-05-22;"Imunoensaio por Eletroquimioluminescência - ECLIA IgG";3;11;3
2020-05-22;"RT-PCR";5234;5113;5234
2020-05-22;"TESTE RÁPIDO - ANTICORPO";18660;11635;18660
2020-05-22;"TESTE RÁPIDO - ANTÍGENO";1207;757;1207
2020-05-22;NA;0;0;0
2020-05-23;"Enzimaimunoensaio - ELISA IgM";22;15;22
2020-05-23;"Imunoensaio por Eletroquimioluminescência - ECLIA IgG";2;3;2
2020-05-23;"Quimioluminescência - CLIA";1;0;1
2020-05-23;"RT-PCR";2521;2864;2521
2020-05-23;"TESTE RÁPIDO - ANTICORPO";7783;5197;7783
2020-05-23;"TESTE RÁPIDO - ANTÍGENO";462;379;462
2020-05-23;NA;0;0;0
2020-05-24;"Enzimaimunoensaio  ELISA";4;0;4
2020-05-24;"Enzimaimunoensaio - ELISA IgM";70;19;70
2020-05-24;"RT-PCR";1447;2847;1447
2020-05-24;"TESTE RÁPIDO - ANTICORPO";3933;2948;3933
2020-05-24;"TESTE RÁPIDO - ANTÍGENO";343;227;343
2020-05-25;"Enzimaimunoensaio  ELISA";2;0;2
2020-05-25;"Enzimaimunoensaio - ELISA IgM";48;19;48
2020-05-25;"Imunoensaio por Eletroquimioluminescência  ECLIA";1;1;1
2020-05-25;"Imunoensaio por Eletroquimioluminescência - ECLIA IgG";12;8;12
2020-05-25;"Quimioluminescência - CLIA";2;0;2
2020-05-25;"RT-PCR";5285;5481;5285
2020-05-25;"TESTE RÁPIDO - ANTICORPO";20143;14169;20143
2020-05-25;"TESTE RÁPIDO - ANTÍGENO";1259;887;1259
2020-05-25;NA;0;0;0
2020-05-26;"Enzimaimunoensaio  ELISA";3;1;3
2020-05-26;"Enzimaimunoensaio - ELISA IgM";30;10;30
2020-05-26;"Imunoensaio por Eletroquimioluminescência - ECLIA IgG";4;10;4
2020-05-26;"RT-PCR";4941;5132;4941
2020-05-26;"TESTE RÁPIDO - ANTICORPO";18202;12571;18202
2020-05-26;"TESTE RÁPIDO - ANTÍGENO";1136;880;1136
2020-05-26;NA;0;0;0
2020-05-27;"Enzimaimunoensaio  ELISA";1;0;1
2020-05-27;"Enzimaimunoensaio - ELISA IgM";45;12;45
2020-05-27;"Imunoensaio por Eletroquimioluminescência  ECLIA";0;1;0
2020-05-27;"Imunoensaio por Eletroquimioluminescência - ECLIA IgG";5;8;5
2020-05-27;"Quimioluminescência - CLIA";1;0;1
2020-05-27;"RT-PCR";6923;6836;6923
2020-05-27;"TESTE RÁPIDO - ANTICORPO";24687;15311;24687
2020-05-27;"TESTE RÁPIDO - ANTÍGENO";1623;1166;1623
2020-05-27;NA;0;0;0
2020-05-28;"Enzimaimunoensaio  ELISA";3;0;3
2020-05-28;"Enzimaimunoensaio - ELISA IgM";44;12;44
2020-05-28;"Imunoensaio por Eletroquimioluminescência - ECLIA IgG";7;5;7
2020-05-28;"Quimioluminescência - CLIA";0;2;0
2020-05-28;"RT-PCR";6578;5909;6578
2020-05-28;"TESTE RÁPIDO - ANTICORPO";24229;14795;24229
2020-05-28;"TESTE RÁPIDO - ANTÍGENO";1720;1151;1720
2020-05-28;NA;0;0;0
2020-05-29;"Enzimaimunoensaio  ELISA";5;2;5
2020-05-29;"Enzimaimunoensaio - ELISA IgM";53;7;53
2020-05-29;"Imunoensaio por Eletroquimioluminescência  ECLIA";0;1;0
2020-05-29;"Imunoensaio por Eletroquimioluminescência - ECLIA IgG";10;8;10
2020-05-29;"RT-PCR";6552;5896;6552
2020-05-29;"TESTE RÁPIDO - ANTICORPO";23974;13807;23974
2020-05-29;"TESTE RÁPIDO - ANTÍGENO";1705;1076;1705
2020-05-29;NA;0;0;0
2020-05-30;"Enzimaimunoensaio  ELISA";4;0;4
2020-05-30;"Enzimaimunoensaio - ELISA IgM";28;10;28
2020-05-30;"Imunoensaio por Eletroquimioluminescência - ECLIA IgG";3;4;3
2020-05-30;"Quimioluminescência - CLIA";1;0;1
2020-05-30;"RT-PCR";2302;2642;2302
2020-05-30;"TESTE RÁPIDO - ANTICORPO";8140;4978;8140
2020-05-30;"TESTE RÁPIDO - ANTÍGENO";462;408;462
2020-05-30;NA;0;0;0
2020-05-31;"Enzimaimunoensaio  ELISA";1;0;1
2020-05-31;"Enzimaimunoensaio - ELISA IgM";19;4;19
2020-05-31;"Imunoensaio por Eletroquimioluminescência  ECLIA";1;0;1
2020-05-31;"Imunoensaio por Eletroquimioluminescência - ECLIA IgG";0;4;0
2020-05-31;"RT-PCR";1603;2115;1603
2020-05-31;"TESTE RÁPIDO - ANTICORPO";3890;2651;3890
2020-05-31;"TESTE RÁPIDO - ANTÍGENO";220;178;220
2020-06-01;"Enzimaimunoensaio  ELISA";2;2;2
2020-06-01;"Enzimaimunoensaio - ELISA IgM";84;30;84
2020-06-01;"Imunoensaio por Eletroquimioluminescência  ECLIA";2;2;2
2020-06-01;"Imunoensaio por Eletroquimioluminescência - ECLIA IgG";8;6;8
2020-06-01;"RT-PCR";7394;6949;7394
2020-06-01;"TESTE RÁPIDO - ANTICORPO";26454;16073;26454
2020-06-01;"TESTE RÁPIDO - ANTÍGENO";1998;1192;1998
2020-06-01;NA;0;0;0
2020-06-02;"Enzimaimunoensaio  ELISA";15;0;15
2020-06-02;"Enzimaimunoensaio - ELISA IgM";39;19;39
2020-06-02;"Imunoensaio por Eletroquimioluminescência  ECLIA";0;3;0
2020-06-02;"Imunoensaio por Eletroquimioluminescência - ECLIA IgG";7;11;7
2020-06-02;"Quimioluminescência - CLIA";3;1;3
2020-06-02;"RT-PCR";7158;6481;7158
2020-06-02;"TESTE RÁPIDO - ANTICORPO";26681;16163;26681
2020-06-02;"TESTE RÁPIDO - ANTÍGENO";1824;1202;1824
2020-06-02;NA;0;0;0
2020-06-03;"Enzimaimunoensaio  ELISA";4;1;4
2020-06-03;"Enzimaimunoensaio - ELISA IgM";54;14;54
2020-06-03;"Imunoensaio por Eletroquimioluminescência  ECLIA";0;3;0
2020-06-03;"Imunoensaio por Eletroquimioluminescência - ECLIA IgG";17;8;17
2020-06-03;"Quimioluminescência - CLIA";1;0;1
2020-06-03;"RT-PCR";6956;6348;6956
2020-06-03;"TESTE RÁPIDO - ANTICORPO";28604;15686;28604
2020-06-03;"TESTE RÁPIDO - ANTÍGENO";1602;1217;1602
2020-06-03;NA;0;0;0
2020-06-04;"Enzimaimunoensaio  ELISA";25;1;25
2020-06-04;"Enzimaimunoensaio - ELISA IgM";16;10;16
2020-06-04;"Imunoensaio por Eletroquimioluminescência - ECLIA IgG";7;10;7
2020-06-04;"Quimioluminescência - CLIA";1;0;1
2020-06-04;"RT-PCR";6654;6059;6654
2020-06-04;"TESTE RÁPIDO - ANTICORPO";30581;15939;30581
2020-06-04;"TESTE RÁPIDO - ANTÍGENO";1885;1388;1885
2020-06-04;NA;0;0;0
2020-06-05;"Enzimaimunoensaio  ELISA";26;1;26
2020-06-05;"Enzimaimunoensaio - ELISA IgM";39;13;39
2020-06-05;"Imunoensaio por Eletroquimioluminescência  ECLIA";1;1;1
2020-06-05;"Imunoensaio por Eletroquimioluminescência - ECLIA IgG";9;24;9
2020-06-05;"Quimioluminescência - CLIA";4;0;4
2020-06-05;"RT-PCR";6190;7101;6190
2020-06-05;"TESTE RÁPIDO - ANTICORPO";30317;15468;30317
2020-06-05;"TESTE RÁPIDO - ANTÍGENO";1865;1241;1865
2020-06-05;NA;0;0;0
2020-06-06;"Enzimaimunoensaio  ELISA";23;2;23
2020-06-06;"Enzimaimunoensaio - ELISA IgM";59;11;59
2020-06-06;"Imunoensaio por Eletroquimioluminescência  ECLIA";2;0;2
2020-06-06;"Imunoensaio por Eletroquimioluminescência - ECLIA IgG";119;46;119
2020-06-06;"Quimioluminescência - CLIA";1;0;1
2020-06-06;"RT-PCR";2433;3254;2433
2020-06-06;"TESTE RÁPIDO - ANTICORPO";11460;6625;11460
2020-06-06;"TESTE RÁPIDO - ANTÍGENO";876;444;876
2020-06-06;NA;0;0;0
2020-06-07;"Enzimaimunoensaio  ELISA";9;2;9
2020-06-07;"Enzimaimunoensaio - ELISA IgM";1;8;1
2020-06-07;"Imunoensaio por Eletroquimioluminescência  ECLIA";0;2;0
2020-06-07;"Imunoensaio por Eletroquimioluminescência - ECLIA IgG";3;3;3
2020-06-07;"RT-PCR";1927;2687;1927
2020-06-07;"TESTE RÁPIDO - ANTICORPO";5587;4205;5587
2020-06-07;"TESTE RÁPIDO - ANTÍGENO";565;326;565
2020-06-08;"Enzimaimunoensaio  ELISA";1;1;1
2020-06-08;"Enzimaimunoensaio - ELISA IgM";41;15;41
2020-06-08;"Imunoensaio por Eletroquimioluminescência  ECLIA";2;3;2
2020-06-08;"Imunoensaio por Eletroquimioluminescência - ECLIA IgG";31;30;31
2020-06-08;"Quimioluminescência - CLIA";2;0;2
2020-06-08;"RT-PCR";7029;7395;7029
2020-06-08;"TESTE RÁPIDO - ANTICORPO";35910;18285;35910
2020-06-08;"TESTE RÁPIDO - ANTÍGENO";2165;1715;2165
2020-06-08;NA;0;0;0
2020-06-09;"Enzimaimunoensaio  ELISA";2;5;2
2020-06-09;"Enzimaimunoensaio - ELISA IgM";79;11;79
2020-06-09;"Imunoensaio por Eletroquimioluminescência  ECLIA";9;0;9
2020-06-09;"Imunoensaio por Eletroquimioluminescência - ECLIA IgG";21;21;21
2020-06-09;"Quimioluminescência - CLIA";1;0;1
2020-06-09;"RT-PCR";6945;6982;6945
2020-06-09;"TESTE RÁPIDO - ANTICORPO";36665;17734;36665
2020-06-09;"TESTE RÁPIDO - ANTÍGENO";2211;1573;2211
2020-06-09;NA;0;0;0
2020-06-10;"Enzimaimunoensaio  ELISA";2;0;2
2020-06-10;"Enzimaimunoensaio - ELISA IgM";27;19;27
2020-06-10;"Imunoensaio por Eletroquimioluminescência  ECLIA";2;1;2
2020-06-10;"Imunoensaio por Eletroquimioluminescência - ECLIA IgG";27;27;27
2020-06-10;"Quimioluminescência - CLIA";1;2;1
2020-06-10;"RT-PCR";6882;6860;6882
2020-06-10;"TESTE RÁPIDO - ANTICORPO";38592;19114;38592
2020-06-10;"TESTE RÁPIDO - ANTÍGENO";2541;1442;2541
2020-06-10;NA;1;0;1
2020-06-11;"Concluído";0;0;0
2020-06-11;"Enzimaimunoensaio  ELISA";1;1;1
2020-06-11;"Enzimaimunoensaio - ELISA IgM";81;6;81
2020-06-11;"Imunoensaio por Eletroquimioluminescência - ECLIA IgG";10;9;10
2020-06-11;"RT-PCR";3158;3979;3158
2020-06-11;"TESTE RÁPIDO - ANTICORPO";20174;9540;20174
2020-06-11;"TESTE RÁPIDO - ANTÍGENO";1031;616;1031
2020-06-11;NA;0;0;0
2020-06-12;"Enzimaimunoensaio  ELISA";4;1;4
2020-06-12;"Enzimaimunoensaio - ELISA IgM";79;19;79
2020-06-12;"Imunoensaio por Eletroquimioluminescência  ECLIA";6;0;6
2020-06-12;"Imunoensaio por Eletroquimioluminescência - ECLIA IgG";58;26;58
2020-06-12;"Quimioluminescência - CLIA";1;0;1
2020-06-12;"RT-PCR";5637;6134;5637
2020-06-12;"TESTE RÁPIDO - ANTICORPO";28680;14668;28680
2020-06-12;"TESTE RÁPIDO - ANTÍGENO";1899;1231;1899
2020-06-12;NA;0;0;0
2020-06-13;"Enzimaimunoensaio  ELISA";3;0;3
2020-06-13;"Enzimaimunoensaio - ELISA IgM";74;19;74
2020-06-13;"Imunoensaio por Eletroquimioluminescência - ECLIA IgG";13;15;13
2020-06-13;"RT-PCR";2350;3355;2350
2020-06-13;"TESTE RÁPIDO - ANTICORPO";9955;6049;9955
2020-06-13;"TESTE RÁPIDO - ANTÍGENO";606;510;606
2020-06-13;NA;0;0;0
2020-06-14;"Enzimaimunoensaio  ELISA";0;1;0
2020-06-14;"Enzimaimunoensaio - ELISA IgM";27;8;27
2020-06-14;"Imunoensaio por Eletroquimioluminescência - ECLIA IgG";47;27;47
2020-06-14;"RT-PCR";1636;2739;1636
2020-06-14;"TESTE RÁPIDO - ANTICORPO";6330;3739;6330
2020-06-14;"TESTE RÁPIDO - ANTÍGENO";323;297;323
2020-06-15;"Enzimaimunoensaio  ELISA";9;7;9
2020-06-15;"Enzimaimunoensaio - ELISA IgM";187;34;187
2020-06-15;"Imunoensaio por Eletroquimioluminescência  ECLIA";2;1;2
2020-06-15;"Imunoensaio por Eletroquimioluminescência - ECLIA IgG";25;34;25
2020-06-15;"Quimioluminescência - CLIA";17;0;17
2020-06-15;"RT-PCR";7476;8345;7476
2020-06-15;"TESTE RÁPIDO - ANTICORPO";38338;21333;38338
2020-06-15;"TESTE RÁPIDO - ANTÍGENO";2339;1660;2339
2020-06-15;NA;0;1;0
2020-06-16;"Enzimaimunoensaio  ELISA";13;1;13
2020-06-16;"Enzimaimunoensaio - ELISA IgM";93;33;93
2020-06-16;"Imunoensaio por Eletroquimioluminescência  ECLIA";3;0;3
2020-06-16;"Imunoensaio por Eletroquimioluminescência - ECLIA IgG";85;64;85
2020-06-16;"Quimioluminescência - CLIA";16;0;16
2020-06-16;"RT-PCR";8626;8029;8626
2020-06-16;"TESTE RÁPIDO - ANTICORPO";45667;25170;45667
2020-06-16;"TESTE RÁPIDO - ANTÍGENO";2646;1966;2646
2020-06-16;NA;0;0;0
2020-06-17;"Enzimaimunoensaio  ELISA";2;2;2
2020-06-17;"Enzimaimunoensaio - ELISA IgM";143;33;143
2020-06-17;"Imunoensaio por Eletroquimioluminescência  ECLIA";1;0;1
2020-06-17;"Imunoensaio por Eletroquimioluminescência - ECLIA IgG";42;35;42
2020-06-17;"RT-PCR";8851;8015;8851
2020-06-17;"TESTE RÁPIDO - ANTICORPO";41717;20819;41717
2020-06-17;"TESTE RÁPIDO - ANTÍGENO";2752;1499;2752
2020-06-17;NA;0;0;0
2020-06-18;"Enzimaimunoensaio  ELISA";4;2;4
2020-06-18;"Enzimaimunoensaio - ELISA IgM";130;35;130
2020-06-18;"Imunoensaio por Eletroquimioluminescência  ECLIA";6;2;6
2020-06-18;"Imunoensaio por Eletroquimioluminescência - ECLIA IgG";148;82;148
2020-06-18;"Quimioluminescência - CLIA";0;1;0
2020-06-18;"RT-PCR";8278;8373;8278
2020-06-18;"TESTE RÁPIDO - ANTICORPO";51426;21139;51426
2020-06-18;"TESTE RÁPIDO - ANTÍGENO";3069;1867;3069
2020-06-18;NA;0;0;0
2020-06-19;"Enzimaimunoensaio  ELISA";4;0;4
2020-06-19;"Enzimaimunoensaio - ELISA IgM";122;23;122
2020-06-19;"Imunoensaio por Eletroquimioluminescência  ECLIA";5;0;5
2020-06-19;"Imunoensaio por Eletroquimioluminescência - ECLIA IgG";48;52;48
2020-06-19;"Quimioluminescência - CLIA";2;0;2
2020-06-19;"RT-PCR";8073;7908;8073
2020-06-19;"TESTE RÁPIDO - ANTICORPO";39663;20312;39663
2020-06-19;"TESTE RÁPIDO - ANTÍGENO";3275;1887;3275
2020-06-19;NA;0;0;0
2020-06-20;"Enzimaimunoensaio  ELISA";3;2;3
2020-06-20;"Enzimaimunoensaio - ELISA IgM";66;12;66
2020-06-20;"Imunoensaio por Eletroquimioluminescência  ECLIA";4;0;4
2020-06-20;"Imunoensaio por Eletroquimioluminescência - ECLIA IgG";106;93;106
2020-06-20;"Quimioluminescência - CLIA";1;0;1
2020-06-20;"RT-PCR";3169;3683;3169
2020-06-20;"TESTE RÁPIDO - ANTICORPO";13642;8087;13642
2020-06-20;"TESTE RÁPIDO - ANTÍGENO";1150;623;1150
2020-06-20;NA;0;0;0
2020-06-21;"Enzimaimunoensaio - ELISA IgM";15;9;15
2020-06-21;"Imunoensaio por Eletroquimioluminescência  ECLIA";7;0;7
2020-06-21;"Imunoensaio por Eletroquimioluminescência - ECLIA IgG";8;8;8
2020-06-21;"RT-PCR";2188;2906;2188
2020-06-21;"TESTE RÁPIDO - ANTICORPO";6805;4417;6805
2020-06-21;"TESTE RÁPIDO - ANTÍGENO";657;289;657
2020-06-21;NA;0;0;0
2020-06-22;"Enzimaimunoensaio  ELISA";9;1;9
2020-06-22;"Enzimaimunoensaio - ELISA IgM";185;34;185
2020-06-22;"Imunoensaio por Eletroquimioluminescência  ECLIA";7;8;7
2020-06-22;"Imunoensaio por Eletroquimioluminescência - ECLIA IgG";116;133;116
2020-06-22;"Quimioluminescência - CLIA";3;0;3
2020-06-22;"RT-PCR";9604;10575;9604
2020-06-22;"TESTE RÁPIDO - ANTICORPO";42554;23200;42554
2020-06-22;"TESTE RÁPIDO - ANTÍGENO";3346;2065;3346
2020-06-22;NA;0;0;0
2020-06-23;"Enzimaimunoensaio  ELISA";19;0;19
2020-06-23;"Enzimaimunoensaio - ELISA IgM";122;99;122
2020-06-23;"Imunoensaio por Eletroquimioluminescência  ECLIA";9;7;9
2020-06-23;"Imunoensaio por Eletroquimioluminescência - ECLIA IgG";174;88;174
2020-06-23;"Quimioluminescência - CLIA";13;2;13
2020-06-23;"RT-PCR";8712;9533;8712
2020-06-23;"TESTE RÁPIDO - ANTICORPO";42471;21430;42471
2020-06-23;"TESTE RÁPIDO - ANTÍGENO";3108;1856;3108
2020-06-23;NA;0;0;0
2020-06-24;"Enzimaimunoensaio  ELISA";22;2;22
2020-06-24;"Enzimaimunoensaio - ELISA IgM";58;32;58
2020-06-24;"Imunoensaio por Eletroquimioluminescência  ECLIA";23;20;23
2020-06-24;"Imunoensaio por Eletroquimioluminescência - ECLIA IgG";106;86;106
2020-06-24;"Quimioluminescência - CLIA";6;2;6
2020-06-24;"RT-PCR";8946;8461;8946
2020-06-24;"TESTE RÁPIDO - ANTICORPO";37114;19322;37114
2020-06-24;"TESTE RÁPIDO - ANTÍGENO";2782;1725;2782
2020-06-24;NA;0;0;0
2020-06-25;"Enzimaimunoensaio  ELISA";7;0;7
2020-06-25;"Enzimaimunoensaio - ELISA IgM";113;39;113
2020-06-25;"Imunoensaio por Eletroquimioluminescência  ECLIA";23;29;23
2020-06-25;"Imunoensaio por Eletroquimioluminescência - ECLIA IgG";165;129;165
2020-06-25;"Quimioluminescência - CLIA";3;0;3
2020-06-25;"RT-PCR";9563;9204;9563
2020-06-25;"TESTE RÁPIDO - ANTICORPO";44287;22265;44287
2020-06-25;"TESTE RÁPIDO - ANTÍGENO";3508;2044;3508
2020-06-25;NA;0;0;0
2020-06-26;"Enzimaimunoensaio  ELISA";15;4;15
2020-06-26;"Enzimaimunoensaio - ELISA IgM";111;33;111
2020-06-26;"Imunoensaio por Eletroquimioluminescência  ECLIA";25;30;25
2020-06-26;"Imunoensaio por Eletroquimioluminescência - ECLIA IgG";236;208;236
2020-06-26;"Quimioluminescência - CLIA";9;4;9
2020-06-26;"RT-PCR";8994;8767;8994
2020-06-26;"TESTE RÁPIDO - ANTICORPO";43289;21966;43289
2020-06-26;"TESTE RÁPIDO - ANTÍGENO";3419;2201;3419
2020-06-26;NA;0;0;0
2020-06-27;"Enzimaimunoensaio  ELISA";29;0;29
2020-06-27;"Enzimaimunoensaio - ELISA IgM";37;62;37
2020-06-27;"Imunoensaio por Eletroquimioluminescência  ECLIA";5;9;5
2020-06-27;"Imunoensaio por Eletroquimioluminescência - ECLIA IgG";83;77;83
2020-06-27;"Quimioluminescência - CLIA";1;0;1
2020-06-27;"RT-PCR";3748;3846;3748
2020-06-27;"TESTE RÁPIDO - ANTICORPO";49482;13894;49482
2020-06-27;"TESTE RÁPIDO - ANTÍGENO";1135;878;1135
2020-06-27;NA;0;0;0
2020-06-28;"Enzimaimunoensaio  ELISA";18;1;18
2020-06-28;"Enzimaimunoensaio - ELISA IgM";80;48;80
2020-06-28;"Imunoensaio por Eletroquimioluminescência  ECLIA";9;3;9
2020-06-28;"Imunoensaio por Eletroquimioluminescência - ECLIA IgG";14;41;14
2020-06-28;"Quimioluminescência - CLIA";1;1;1
2020-06-28;"RT-PCR";2533;2975;2533
2020-06-28;"TESTE RÁPIDO - ANTICORPO";44804;5406;44804
2020-06-28;"TESTE RÁPIDO - ANTÍGENO";528;452;528
2020-06-28;NA;0;0;0
2020-06-29;"Enzimaimunoensaio  ELISA";61;2;61
2020-06-29;"Enzimaimunoensaio - ELISA IgM";169;98;169
2020-06-29;"Imunoensaio por Eletroquimioluminescência  ECLIA";5;3;5
2020-06-29;"Imunoensaio por Eletroquimioluminescência - ECLIA IgG";148;168;148
2020-06-29;"Quimioluminescência - CLIA";4;4;4
2020-06-29;"RT-PCR";10965;10129;10965
2020-06-29;"TESTE RÁPIDO - ANTICORPO";54839;23641;54839
2020-06-29;"TESTE RÁPIDO - ANTÍGENO";3060;1968;3060
2020-06-29;NA;0;0;0
2020-06-30;"Enzimaimunoensaio  ELISA";63;3;63
2020-06-30;"Enzimaimunoensaio - ELISA IgM";176;182;176
2020-06-30;"Imunoensaio por Eletroquimioluminescência  ECLIA";8;7;8
2020-06-30;"Imunoensaio por Eletroquimioluminescência - ECLIA IgG";389;323;389
2020-06-30;"Quimioluminescência - CLIA";4;4;4
2020-06-30;"RT-PCR";9894;10444;9894
2020-06-30;"TESTE RÁPIDO - ANTICORPO";50822;23748;50822
2020-06-30;"TESTE RÁPIDO - ANTÍGENO";3970;2424;3970
2020-06-30;NA;0;0;0
2020-07-01;"Enzimaimunoensaio  ELISA";69;2;69
2020-07-01;"Enzimaimunoensaio - ELISA IgM";207;262;207
2020-07-01;"Imunoensaio por Eletroquimioluminescência  ECLIA";12;21;12
2020-07-01;"Imunoensaio por Eletroquimioluminescência - ECLIA IgG";431;412;431
2020-07-01;"Quimioluminescência - CLIA";5;2;5
2020-07-01;"RT-PCR";9802;8862;9802
2020-07-01;"TESTE RÁPIDO - ANTICORPO";43065;22294;43065
2020-07-01;"TESTE RÁPIDO - ANTÍGENO";3595;1974;3595
2020-07-01;NA;0;0;0
2020-07-02;"Enzimaimunoensaio  ELISA";45;3;45
2020-07-02;"Enzimaimunoensaio - ELISA IgM";129;214;129
2020-07-02;"Imunoensaio por Eletroquimioluminescência  ECLIA";23;15;23
2020-07-02;"Imunoensaio por Eletroquimioluminescência - ECLIA IgG";423;392;423
2020-07-02;"Quimioluminescência - CLIA";3;1;3
2020-07-02;"RT-PCR";9997;9434;9997
2020-07-02;"TESTE RÁPIDO - ANTICORPO";43872;21761;43872
2020-07-02;"TESTE RÁPIDO - ANTÍGENO";3442;2232;3442
2020-07-02;NA;0;0;0
2020-07-03;"Enzimaimunoensaio  ELISA";46;3;46
2020-07-03;"Enzimaimunoensaio - ELISA IgM";147;269;147
2020-07-03;"Imunoensaio por Eletroquimioluminescência  ECLIA";49;21;49
2020-07-03;"Imunoensaio por Eletroquimioluminescência - ECLIA IgG";427;376;427
2020-07-03;"Quimioluminescência - CLIA";1;3;1
2020-07-03;"RT-PCR";10366;9022;10366
2020-07-03;"TESTE RÁPIDO - ANTICORPO";79715;26676;79715
2020-07-03;"TESTE RÁPIDO - ANTÍGENO";3833;2081;3833
2020-07-03;NA;0;2;0
2020-07-04;"Enzimaimunoensaio  ELISA";50;2;50
2020-07-04;"Enzimaimunoensaio - ELISA IgM";114;119;114
2020-07-04;"Imunoensaio por Eletroquimioluminescência  ECLIA";5;12;5
2020-07-04;"Imunoensaio por Eletroquimioluminescência - ECLIA IgG";169;222;169
2020-07-04;"Quimioluminescência - CLIA";1;2;1
2020-07-04;"RT-PCR";3589;4398;3589
2020-07-04;"TESTE RÁPIDO - ANTICORPO";22757;8585;22757
2020-07-04;"TESTE RÁPIDO - ANTÍGENO";1378;734;1378
2020-07-04;NA;0;0;0
2020-07-05;"Enzimaimunoensaio  ELISA";9;0;9
2020-07-05;"Enzimaimunoensaio - ELISA IgM";48;149;48
2020-07-05;"Imunoensaio por Eletroquimioluminescência  ECLIA";23;0;23
2020-07-05;"Imunoensaio por Eletroquimioluminescência - ECLIA IgG";65;81;65
2020-07-05;"RT-PCR";2440;3071;2440
2020-07-05;"TESTE RÁPIDO - ANTICORPO";6140;4313;6140
2020-07-05;"TESTE RÁPIDO - ANTÍGENO";559;382;559
2020-07-05;NA;0;0;0
2020-07-06;"Enzimaimunoensaio  ELISA";6;5;6
2020-07-06;"Enzimaimunoensaio - ELISA IgM";285;296;285
2020-07-06;"Imunoensaio por Eletroquimioluminescência  ECLIA";41;13;41
2020-07-06;"Imunoensaio por Eletroquimioluminescência - ECLIA IgG";424;426;424
2020-07-06;"Quimioluminescência - CLIA";1;3;1
2020-07-06;"RT-PCR";12077;11872;12077
2020-07-06;"TESTE RÁPIDO - ANTICORPO";54241;25112;54241
2020-07-06;"TESTE RÁPIDO - ANTÍGENO";3809;2274;3809
2020-07-06;NA;1;0;1
2020-07-07;"Enzimaimunoensaio  ELISA";24;14;24
2020-07-07;"Enzimaimunoensaio - ELISA IgM";355;328;355
2020-07-07;"Imunoensaio por Eletroquimioluminescência  ECLIA";119;23;119
2020-07-07;"Imunoensaio por Eletroquimioluminescência - ECLIA IgG";485;402;485
2020-07-07;"Quimioluminescência - CLIA";3;4;3
2020-07-07;"RT-PCR";11676;11319;11676
2020-07-07;"TESTE RÁPIDO - ANTICORPO";49914;23154;49914
2020-07-07;"TESTE RÁPIDO - ANTÍGENO";4334;2205;4334
2020-07-07;NA;1;0;1
2020-07-08;"Enzimaimunoensaio  ELISA";33;4;33
2020-07-08;"Enzimaimunoensaio - ELISA IgM";353;304;353
2020-07-08;"Imunoensaio por Eletroquimioluminescência  ECLIA";119;14;119
2020-07-08;"Imunoensaio por Eletroquimioluminescência - ECLIA IgG";517;405;517
2020-07-08;"Quimioluminescência - CLIA";3;5;3
2020-07-08;"RT-PCR";11885;11163;11885
2020-07-08;"TESTE RÁPIDO - ANTICORPO";62293;23760;62293
2020-07-08;"TESTE RÁPIDO - ANTÍGENO";4058;2062;4058
2020-07-08;NA;0;1;0
2020-07-09;"Enzimaimunoensaio  ELISA";7;6;7
2020-07-09;"Enzimaimunoensaio - ELISA IgM";460;275;460
2020-07-09;"Imunoensaio por Eletroquimioluminescência  ECLIA";74;12;74
2020-07-09;"Imunoensaio por Eletroquimioluminescência - ECLIA IgG";700;369;700
2020-07-09;"Quimioluminescência - CLIA";1;8;1
2020-07-09;"RT-PCR";11061;10134;11061
2020-07-09;"TESTE RÁPIDO - ANTICORPO";45515;21596;45515
2020-07-09;"TESTE RÁPIDO - ANTÍGENO";3778;2184;3778
2020-07-09;NA;0;0;0
2020-07-10;"Enzimaimunoensaio  ELISA";63;8;63
2020-07-10;"Enzimaimunoensaio - ELISA IgM";614;326;614
2020-07-10;"Imunoensaio por Eletroquimioluminescência  ECLIA";37;21;37
2020-07-10;"Imunoensaio por Eletroquimioluminescência - ECLIA IgG";452;562;452
2020-07-10;"Quimioluminescência - CLIA";6;10;6
2020-07-10;"RT-PCR";11604;10660;11604
2020-07-10;"TESTE RÁPIDO - ANTICORPO";45494;22281;45494
2020-07-10;"TESTE RÁPIDO - ANTÍGENO";3717;1908;3717
2020-07-10;NA;0;0;0
2020-07-11;"Enzimaimunoensaio  ELISA";16;2;16
2020-07-11;"Enzimaimunoensaio - ELISA IgM";424;236;424
2020-07-11;"Imunoensaio por Eletroquimioluminescência  ECLIA";28;2;28
2020-07-11;"Imunoensaio por Eletroquimioluminescência - ECLIA IgG";164;250;164
2020-07-11;"Quimioluminescência - CLIA";1;1;1
2020-07-11;"RT-PCR";3565;4159;3565
2020-07-11;"TESTE RÁPIDO - ANTICORPO";13740;7176;13740
2020-07-11;"TESTE RÁPIDO - ANTÍGENO";1376;848;1376
2020-07-11;NA;0;0;0
2020-07-12;"Enzimaimunoensaio  ELISA";11;2;11
2020-07-12;"Enzimaimunoensaio - ELISA IgM";372;158;372
2020-07-12;"Imunoensaio por Eletroquimioluminescência  ECLIA";6;2;6
2020-07-12;"Imunoensaio por Eletroquimioluminescência - ECLIA IgG";69;87;69
2020-07-12;"Quimioluminescência - CLIA";0;2;0
2020-07-12;"RT-PCR";3221;3714;3221
2020-07-12;"TESTE RÁPIDO - ANTICORPO";7583;4428;7583
2020-07-12;"TESTE RÁPIDO - ANTÍGENO";600;545;600
2020-07-12;NA;0;1;0
2020-07-13;"Enzimaimunoensaio  ELISA";21;7;21
2020-07-13;"Enzimaimunoensaio - ELISA IgM";501;494;501
2020-07-13;"Imunoensaio por Eletroquimioluminescência  ECLIA";69;14;69
2020-07-13;"Imunoensaio por Eletroquimioluminescência - ECLIA IgG";550;523;550
2020-07-13;"Quimioluminescência - CLIA";13;10;13
2020-07-13;"RT-PCR";12986;12439;12986
2020-07-13;"TESTE RÁPIDO - ANTICORPO";59245;27461;59245
2020-07-13;"TESTE RÁPIDO - ANTÍGENO";3592;2476;3592
2020-07-13;NA;0;0;0
2020-07-14;"Enzimaimunoensaio  ELISA";60;11;60
2020-07-14;"Enzimaimunoensaio - ELISA IgM";452;323;452
2020-07-14;"Imunoensaio por Eletroquimioluminescência  ECLIA";37;24;37
2020-07-14;"Imunoensaio por Eletroquimioluminescência - ECLIA IgG";533;544;533
2020-07-14;"Quimioluminescência - CLIA";2;10;2
2020-07-14;"RT-PCR";11666;10420;11666
2020-07-14;"TESTE RÁPIDO - ANTICORPO";55001;24294;55001
2020-07-14;"TESTE RÁPIDO - ANTÍGENO";3304;2221;3304
2020-07-14;NA;0;0;0
2020-07-15;"Enzimaimunoensaio  ELISA";62;19;62
2020-07-15;"Enzimaimunoensaio - ELISA IgM";426;340;426
2020-07-15;"Imunoensaio por Eletroquimioluminescência  ECLIA";145;34;145
2020-07-15;"Imunoensaio por Eletroquimioluminescência - ECLIA IgG";689;683;689
2020-07-15;"Quimioluminescência - CLIA";5;23;5
2020-07-15;"RT-PCR";11870;11089;11870
2020-07-15;"TESTE RÁPIDO - ANTICORPO";43712;22169;43712
2020-07-15;"TESTE RÁPIDO - ANTÍGENO";3214;2341;3214
2020-07-15;NA;0;0;0
2020-07-16;"Enzimaimunoensaio  ELISA";20;5;20
2020-07-16;"Enzimaimunoensaio - ELISA IgM";435;299;435
2020-07-16;"Imunoensaio por Eletroquimioluminescência  ECLIA";71;30;71
2020-07-16;"Imunoensaio por Eletroquimioluminescência - ECLIA IgG";531;395;531
2020-07-16;"Quimioluminescência - CLIA";2;19;2
2020-07-16;"RT-PCR";10800;9585;10800
2020-07-16;"TESTE RÁPIDO - ANTICORPO";36113;19400;36113
2020-07-16;"TESTE RÁPIDO - ANTÍGENO";2881;2048;2881
2020-07-16;NA;0;1;0
2020-07-17;"Enzimaimunoensaio  ELISA";28;11;28
2020-07-17;"Enzimaimunoensaio - ELISA IgM";640;331;640
2020-07-17;"Imunoensaio por Eletroquimioluminescência  ECLIA";29;9;29
2020-07-17;"Imunoensaio por Eletroquimioluminescência - ECLIA IgG";541;498;541
2020-07-17;"Quimioluminescência - CLIA";6;23;6
2020-07-17;"RT-PCR";10360;8820;10360
2020-07-17;"TESTE RÁPIDO - ANTICORPO";47892;21036;47892
2020-07-17;"TESTE RÁPIDO - ANTÍGENO";2225;1994;2225
2020-07-17;NA;0;0;0
2020-07-18;"Enzimaimunoensaio  ELISA";18;3;18
2020-07-18;"Enzimaimunoensaio - ELISA IgM";368;159;368
2020-07-18;"Imunoensaio por Eletroquimioluminescência  ECLIA";11;7;11
2020-07-18;"Imunoensaio por Eletroquimioluminescência - ECLIA IgG";107;140;107
2020-07-18;"Quimioluminescência - CLIA";2;2;2
2020-07-18;"RT-PCR";4055;3877;4055
2020-07-18;"TESTE RÁPIDO - ANTICORPO";26900;9015;26900
2020-07-18;"TESTE RÁPIDO - ANTÍGENO";786;950;786
2020-07-18;NA;0;1;0
2020-07-19;"Enzimaimunoensaio  ELISA";44;11;44
2020-07-19;"Enzimaimunoensaio - ELISA IgM";66;62;66
2020-07-19;"Imunoensaio por Eletroquimioluminescência  ECLIA";2;1;2
2020-07-19;"Imunoensaio por Eletroquimioluminescência - ECLIA IgG";27;39;27
2020-07-19;"Quimioluminescência - CLIA";0;1;0
2020-07-19;"RT-PCR";3500;3577;3500
2020-07-19;"TESTE RÁPIDO - ANTICORPO";6675;4054;6675
2020-07-19;"TESTE RÁPIDO - ANTÍGENO";469;558;469
2020-07-19;NA;0;0;0
2020-07-20;"Enzimaimunoensaio  ELISA";57;6;57
2020-07-20;"Enzimaimunoensaio - ELISA IgM";315;272;315
2020-07-20;"Imunoensaio por Eletroquimioluminescência  ECLIA";51;31;51
2020-07-20;"Imunoensaio por Eletroquimioluminescência - ECLIA IgG";512;375;512
2020-07-20;"Quimioluminescência - CLIA";5;8;5
2020-07-20;"RT-PCR";12125;12796;12125
2020-07-20;"TESTE RÁPIDO - ANTICORPO";38645;22001;38645
2020-07-20;"TESTE RÁPIDO - ANTÍGENO";2578;2046;2578
2020-07-20;NA;0;1;0
2020-07-21;"Enzimaimunoensaio  ELISA";71;7;71
2020-07-21;"Enzimaimunoensaio - ELISA IgM";574;424;574
2020-07-21;"Imunoensaio por Eletroquimioluminescência  ECLIA";39;17;39
2020-07-21;"Imunoensaio por Eletroquimioluminescência - ECLIA IgG";919;786;919
2020-07-21;"Quimioluminescência - CLIA";10;9;10
2020-07-21;"RT-PCR";16538;15732;16538
2020-07-21;"TESTE RÁPIDO - ANTICORPO";56561;28954;56561
2020-07-21;"TESTE RÁPIDO - ANTÍGENO";4348;3234;4348
2020-07-21;NA;0;0;0
2020-07-22;"Enzimaimunoensaio  ELISA";55;27;55
2020-07-22;"Enzimaimunoensaio - ELISA IgM";339;352;339
2020-07-22;"Imunoensaio por Eletroquimioluminescência  ECLIA";78;16;78
2020-07-22;"Imunoensaio por Eletroquimioluminescência - ECLIA IgG";901;575;901
2020-07-22;"Quimioluminescência - CLIA";25;5;25
2020-07-22;"RT-PCR";15271;13870;15271
2020-07-22;"TESTE RÁPIDO - ANTICORPO";48941;25302;48941
2020-07-22;"TESTE RÁPIDO - ANTÍGENO";3775;2851;3775
2020-07-22;NA;0;0;0
2020-07-23;"Enzimaimunoensaio  ELISA";30;19;30
2020-07-23;"Enzimaimunoensaio - ELISA IgM";576;414;576
2020-07-23;"Imunoensaio por Eletroquimioluminescência  ECLIA";66;26;66
2020-07-23;"Imunoensaio por Eletroquimioluminescência - ECLIA IgG";879;533;879
2020-07-23;"Quimioluminescência - CLIA";44;9;44
2020-07-23;"RT-PCR";15661;13353;15661
2020-07-23;"TESTE RÁPIDO - ANTICORPO";48087;23258;48087
2020-07-23;"TESTE RÁPIDO - ANTÍGENO";3546;2592;3546
2020-07-23;NA;0;0;0
2020-07-24;"Enzimaimunoensaio  ELISA";52;27;52
2020-07-24;"Enzimaimunoensaio - ELISA IgM";508;416;508
2020-07-24;"Imunoensaio por Eletroquimioluminescência  ECLIA";31;19;31
2020-07-24;"Imunoensaio por Eletroquimioluminescência - ECLIA IgG";871;551;871
2020-07-24;"Quimioluminescência - CLIA";11;14;11
2020-07-24;"RT-PCR";14705;12111;14705
2020-07-24;"TESTE RÁPIDO - ANTICORPO";45055;22689;45055
2020-07-24;"TESTE RÁPIDO - ANTÍGENO";3416;2391;3416
2020-07-24;NA;0;0;0
2020-07-25;"Enzimaimunoensaio  ELISA";17;4;17
2020-07-25;"Enzimaimunoensaio - ELISA IgM";202;149;202
2020-07-25;"Imunoensaio por Eletroquimioluminescência  ECLIA";34;21;34
2020-07-25;"Imunoensaio por Eletroquimioluminescência - ECLIA IgG";140;178;140
2020-07-25;"Quimioluminescência - CLIA";1;4;1
2020-07-25;"RT-PCR";6327;4850;6327
2020-07-25;"TESTE RÁPIDO - ANTICORPO";13361;7423;13361
2020-07-25;"TESTE RÁPIDO - ANTÍGENO";1263;825;1263
2020-07-25;NA;0;0;0
2020-07-26;"Enzimaimunoensaio  ELISA";39;2;39
2020-07-26;"Enzimaimunoensaio - ELISA IgM";332;100;332
2020-07-26;"Imunoensaio por Eletroquimioluminescência  ECLIA";6;2;6
2020-07-26;"Imunoensaio por Eletroquimioluminescência - ECLIA IgG";56;54;56
2020-07-26;"Quimioluminescência - CLIA";0;1;0
2020-07-26;"RT-PCR";3273;3740;3273
2020-07-26;"TESTE RÁPIDO - ANTICORPO";7697;4006;7697
2020-07-26;"TESTE RÁPIDO - ANTÍGENO";766;521;766
2020-07-26;NA;0;0;0
2020-07-27;"Enzimaimunoensaio  ELISA";87;30;87
2020-07-27;"Enzimaimunoensaio - ELISA IgM";450;544;450
2020-07-27;"Imunoensaio por Eletroquimioluminescência  ECLIA";38;22;38
2020-07-27;"Imunoensaio por Eletroquimioluminescência - ECLIA IgG";833;628;833
2020-07-27;"Quimioluminescência - CLIA";10;14;10
2020-07-27;"RT-PCR";18091;14601;18091
2020-07-27;"TESTE RÁPIDO - ANTICORPO";49832;26756;49832
2020-07-27;"TESTE RÁPIDO - ANTÍGENO";3912;2965;3912
2020-07-27;NA;0;0;0
2020-07-28;"Enzimaimunoensaio  ELISA";24;16;24
2020-07-28;"Enzimaimunoensaio - ELISA IgM";649;499;649
2020-07-28;"Imunoensaio por Eletroquimioluminescência  ECLIA";44;30;44
2020-07-28;"Imunoensaio por Eletroquimioluminescência - ECLIA IgG";764;746;764
2020-07-28;"Quimioluminescência - CLIA";42;23;42
2020-07-28;"RT-PCR";15928;12541;15928
2020-07-28;"TESTE RÁPIDO - ANTICORPO";50722;24266;50722
2020-07-28;"TESTE RÁPIDO - ANTÍGENO";3538;2660;3538
2020-07-28;NA;1;0;1
2020-07-29;"Enzimaimunoensaio  ELISA";61;28;61
2020-07-29;"Enzimaimunoensaio - ELISA IgM";714;612;714
2020-07-29;"Imunoensaio por Eletroquimioluminescência  ECLIA";38;22;38
2020-07-29;"Imunoensaio por Eletroquimioluminescência - ECLIA IgG";683;552;683
2020-07-29;"Quimioluminescência - CLIA";23;19;23
2020-07-29;"RT-PCR";14940;11642;14940
2020-07-29;"TESTE RÁPIDO - ANTICORPO";58142;24877;58142
2020-07-29;"TESTE RÁPIDO - ANTÍGENO";3590;2385;3590
2020-07-29;NA;0;2;0
2020-07-30;"Enzimaimunoensaio  ELISA";46;13;46
2020-07-30;"Enzimaimunoensaio - ELISA IgM";558;645;558
2020-07-30;"Imunoensaio por Eletroquimioluminescência  ECLIA";47;17;47
2020-07-30;"Imunoensaio por Eletroquimioluminescência - ECLIA IgG";736;548;736
2020-07-30;"Quimioluminescência - CLIA";121;34;121
2020-07-30;"RT-PCR";16006;11275;16006
2020-07-30;"TESTE RÁPIDO - ANTICORPO";58981;24393;58981
2020-07-30;"TESTE RÁPIDO - ANTÍGENO";3459;2331;3459
2020-07-30;NA;0;0;0
2020-07-31;"Enzimaimunoensaio  ELISA";26;49;26
2020-07-31;"Enzimaimunoensaio - ELISA IgM";510;404;510
2020-07-31;"Imunoensaio por Eletroquimioluminescência  ECLIA";50;21;50
2020-07-31;"Imunoensaio por Eletroquimioluminescência - ECLIA IgG";909;516;909
2020-07-31;"Quimioluminescência - CLIA";14;14;14
2020-07-31;"RT-PCR";16329;10788;16329
2020-07-31;"TESTE RÁPIDO - ANTICORPO";56698;23678;56698
2020-07-31;"TESTE RÁPIDO - ANTÍGENO";3399;2284;3399
2020-07-31;NA;1;0;1
2020-08-01;"Enzimaimunoensaio  ELISA";19;6;19
2020-08-01;"Enzimaimunoensaio - ELISA IgM";280;157;280
2020-08-01;"Imunoensaio por Eletroquimioluminescência  ECLIA";31;5;31
2020-08-01;"Imunoensaio por Eletroquimioluminescência - ECLIA IgG";205;182;205
2020-08-01;"Quimioluminescência - CLIA";38;23;38
2020-08-01;"RT-PCR";6170;4523;6170
2020-08-01;"TESTE RÁPIDO - ANTICORPO";22844;7653;22844
2020-08-01;"TESTE RÁPIDO - ANTÍGENO";1502;881;1502
2020-08-01;NA;0;0;0
2020-08-02;"Enzimaimunoensaio  ELISA";14;2;14
2020-08-02;"Enzimaimunoensaio - ELISA IgM";70;72;70
2020-08-02;"Imunoensaio por Eletroquimioluminescência  ECLIA";6;4;6
2020-08-02;"Imunoensaio por Eletroquimioluminescência - ECLIA IgG";209;128;209
2020-08-02;"Quimioluminescência - CLIA";12;6;12
2020-08-02;"RT-PCR";4227;3656;4227
2020-08-02;"TESTE RÁPIDO - ANTICORPO";7144;3554;7144
2020-08-02;"TESTE RÁPIDO - ANTÍGENO";641;484;641
2020-08-03;"Enzimaimunoensaio  ELISA";89;21;89
2020-08-03;"Enzimaimunoensaio - ELISA IgM";569;617;569
2020-08-03;"Imunoensaio por Eletroquimioluminescência  ECLIA";93;36;93
2020-08-03;"Imunoensaio por Eletroquimioluminescência - ECLIA IgG";977;553;977
2020-08-03;"Quimioluminescência - CLIA";19;9;19
2020-08-03;"RT-PCR";19766;13875;19766
2020-08-03;"TESTE RÁPIDO - ANTICORPO";46398;23677;46398
2020-08-03;"TESTE RÁPIDO - ANTÍGENO";4165;3099;4165
2020-08-03;NA;1;0;1
2020-08-04;"Enzimaimunoensaio  ELISA";35;33;35
2020-08-04;"Enzimaimunoensaio - ELISA IgM";609;397;609
2020-08-04;"Imunoensaio por Eletroquimioluminescência  ECLIA";384;49;384
2020-08-04;"Imunoensaio por Eletroquimioluminescência - ECLIA IgG";587;677;587
2020-08-04;"Quimioluminescência - CLIA";43;26;43
2020-08-04;"RT-PCR";18157;11959;18157
2020-08-04;"TESTE RÁPIDO - ANTICORPO";45456;23515;45456
2020-08-04;"TESTE RÁPIDO - ANTÍGENO";4041;3019;4041
2020-08-04;NA;0;0;0
2020-08-05;"Enzimaimunoensaio  ELISA";36;71;36
2020-08-05;"Enzimaimunoensaio - ELISA IgM";518;391;518
2020-08-05;"Imunoensaio por Eletroquimioluminescência  ECLIA";97;90;97
2020-08-05;"Imunoensaio por Eletroquimioluminescência - ECLIA IgG";1180;643;1180
2020-08-05;"Quimioluminescência - CLIA";49;41;49
2020-08-05;"RT-PCR";18548;11074;18548
2020-08-05;"TESTE RÁPIDO - ANTICORPO";41074;21082;41074
2020-08-05;"TESTE RÁPIDO - ANTÍGENO";3746;2352;3746
2020-08-05;NA;0;0;0
2020-08-06;"Enzimaimunoensaio  ELISA";51;37;51
2020-08-06;"Enzimaimunoensaio - ELISA IgM";418;448;418
2020-08-06;"Imunoensaio por Eletroquimioluminescência  ECLIA";31;27;31
2020-08-06;"Imunoensaio por Eletroquimioluminescência - ECLIA IgG";825;570;825
2020-08-06;"Quimioluminescência - CLIA";39;22;39
2020-08-06;"RT-PCR";17718;10605;17718
2020-08-06;"TESTE RÁPIDO - ANTICORPO";45318;21810;45318
2020-08-06;"TESTE RÁPIDO - ANTÍGENO";3663;2476;3663
2020-08-06;NA;1;1;1
2020-08-07;"Enzimaimunoensaio  ELISA";42;36;42
2020-08-07;"Enzimaimunoensaio - ELISA IgM";407;354;407
2020-08-07;"Imunoensaio por Eletroquimioluminescência  ECLIA";86;40;86
2020-08-07;"Imunoensaio por Eletroquimioluminescência - ECLIA IgG";717;410;717
2020-08-07;"Quimioluminescência - CLIA";42;23;42
2020-08-07;"RT-PCR";15511;9924;15511
2020-08-07;"TESTE RÁPIDO - ANTICORPO";54248;20619;54248
2020-08-07;"TESTE RÁPIDO - ANTÍGENO";3612;2518;3612
2020-08-07;NA;0;0;0
2020-08-08;"Enzimaimunoensaio  ELISA";48;22;48
2020-08-08;"Enzimaimunoensaio - ELISA IgM";172;103;172
2020-08-08;"Imunoensaio por Eletroquimioluminescência  ECLIA";26;5;26
2020-08-08;"Imunoensaio por Eletroquimioluminescência - ECLIA IgG";190;145;190
2020-08-08;"Quimioluminescência - CLIA";30;11;30
2020-08-08;"RT-PCR";5393;4143;5393
2020-08-08;"TESTE RÁPIDO - ANTICORPO";18959;7017;18959
2020-08-08;"TESTE RÁPIDO - ANTÍGENO";1495;852;1495
2020-08-08;NA;0;0;0
2020-08-09;"Enzimaimunoensaio  ELISA";4;3;4
2020-08-09;"Enzimaimunoensaio - ELISA IgM";52;53;52
2020-08-09;"Imunoensaio por Eletroquimioluminescência  ECLIA";5;4;5
2020-08-09;"Imunoensaio por Eletroquimioluminescência - ECLIA IgG";69;48;69
2020-08-09;"Quimioluminescência - CLIA";17;13;17
2020-08-09;"RT-PCR";3238;3136;3238
2020-08-09;"TESTE RÁPIDO - ANTICORPO";6310;3242;6310
2020-08-09;"TESTE RÁPIDO - ANTÍGENO";586;376;586
2020-08-09;NA;0;0;0
2020-08-10;"Enzimaimunoensaio  ELISA";43;65;43
2020-08-10;"Enzimaimunoensaio - ELISA IgM";520;642;520
2020-08-10;"Imunoensaio por Eletroquimioluminescência  ECLIA";57;27;57
2020-08-10;"Imunoensaio por Eletroquimioluminescência - ECLIA IgG";785;513;785
2020-08-10;"Quimioluminescência - CLIA";19;24;19
2020-08-10;"RT-PCR";21086;13539;21086
2020-08-10;"TESTE RÁPIDO - ANTICORPO";56489;23482;56489
2020-08-10;"TESTE RÁPIDO - ANTÍGENO";3877;2762;3877
2020-08-10;NA;0;0;0
2020-08-11;"Enzimaimunoensaio  ELISA";44;51;44
2020-08-11;"Enzimaimunoensaio - ELISA IgM";363;1024;363
2020-08-11;"Imunoensaio por Eletroquimioluminescência  ECLIA";66;43;66
2020-08-11;"Imunoensaio por Eletroquimioluminescência - ECLIA IgG";815;549;815
2020-08-11;"Quimioluminescência - CLIA";59;34;59
2020-08-11;"RT-PCR";19297;11635;19297
2020-08-11;"TESTE RÁPIDO - ANTICORPO";53798;23568;53798
2020-08-11;"TESTE RÁPIDO - ANTÍGENO";4022;2758;4022
2020-08-11;NA;0;0;0
2020-08-12;"Enzimaimunoensaio  ELISA";42;35;42
2020-08-12;"Enzimaimunoensaio - ELISA IgM";340;680;340
2020-08-12;"Imunoensaio por Eletroquimioluminescência  ECLIA";57;38;57
2020-08-12;"Imunoensaio por Eletroquimioluminescência - ECLIA IgG";599;495;599
2020-08-12;"Quimioluminescência - CLIA";45;26;45
2020-08-12;"RT-PCR";19312;11327;19312
2020-08-12;"TESTE RÁPIDO - ANTICORPO";49030;20970;49030
2020-08-12;"TESTE RÁPIDO - ANTÍGENO";4123;3250;4123
2020-08-12;NA;0;0;0
2020-08-13;"Enzimaimunoensaio  ELISA";47;24;47
2020-08-13;"Enzimaimunoensaio - ELISA IgM";347;826;347
2020-08-13;"Imunoensaio por Eletroquimioluminescência  ECLIA";74;37;74
2020-08-13;"Imunoensaio por Eletroquimioluminescência - ECLIA IgG";761;432;761
2020-08-13;"Quimioluminescência - CLIA";41;39;41
2020-08-13;"RT-PCR";19868;11455;19868
2020-08-13;"TESTE RÁPIDO - ANTICORPO";50647;20337;50647
2020-08-13;"TESTE RÁPIDO - ANTÍGENO";3717;3016;3717
2020-08-13;NA;0;0;0
2020-08-14;"Enzimaimunoensaio  ELISA";20;29;20
2020-08-14;"Enzimaimunoensaio - ELISA IgM";334;337;334
2020-08-14;"Imunoensaio por Eletroquimioluminescência  ECLIA";65;36;65
2020-08-14;"Imunoensaio por Eletroquimioluminescência - ECLIA IgG";541;432;541
2020-08-14;"Quimioluminescência - CLIA";68;21;68
2020-08-14;"RT-PCR";18311;10461;18311
2020-08-14;"TESTE RÁPIDO - ANTICORPO";39632;18454;39632
2020-08-14;"TESTE RÁPIDO - ANTÍGENO";3710;3049;3710
2020-08-14;NA;0;0;0
2020-08-15;"Enzimaimunoensaio  ELISA";76;17;76
2020-08-15;"Enzimaimunoensaio - ELISA IgM";88;119;88
2020-08-15;"Imunoensaio por Eletroquimioluminescência  ECLIA";59;30;59
2020-08-15;"Imunoensaio por Eletroquimioluminescência - ECLIA IgG";212;139;212
2020-08-15;"Quimioluminescência - CLIA";26;20;26
2020-08-15;"RT-PCR";7537;4351;7537
2020-08-15;"TESTE RÁPIDO - ANTICORPO";13443;5571;13443
2020-08-15;"TESTE RÁPIDO - ANTÍGENO";1127;805;1127
2020-08-15;NA;0;0;0
2020-08-16;"Enzimaimunoensaio  ELISA";2;4;2
2020-08-16;"Enzimaimunoensaio - ELISA IgM";25;76;25
2020-08-16;"Imunoensaio por Eletroquimioluminescência  ECLIA";10;2;10
2020-08-16;"Imunoensaio por Eletroquimioluminescência - ECLIA IgG";14;24;14
2020-08-16;"Quimioluminescência - CLIA";15;10;15
2020-08-16;"RT-PCR";5378;4181;5378
2020-08-16;"TESTE RÁPIDO - ANTICORPO";6155;2995;6155
2020-08-16;"TESTE RÁPIDO - ANTÍGENO";596;408;596
2020-08-16;NA;0;0;0
2020-08-17;"Enzimaimunoensaio  ELISA";25;47;25
2020-08-17;"Enzimaimunoensaio - ELISA IgM";397;503;397
2020-08-17;"Imunoensaio por Eletroquimioluminescência  ECLIA";99;75;99
2020-08-17;"Imunoensaio por Eletroquimioluminescência - ECLIA IgG";655;558;655
2020-08-17;"Quimioluminescência - CLIA";33;26;33
2020-08-17;"RT-PCR";22421;13111;22421
2020-08-17;"TESTE RÁPIDO - ANTICORPO";48580;21547;48580
2020-08-17;"TESTE RÁPIDO - ANTÍGENO";4166;3432;4166
2020-08-17;NA;0;0;0
2020-08-18;"Enzimaimunoensaio  ELISA";29;42;29
2020-08-18;"Enzimaimunoensaio - ELISA IgM";240;444;240
2020-08-18;"Imunoensaio por Eletroquimioluminescência  ECLIA";81;63;81
2020-08-18;"Imunoensaio por Eletroquimioluminescência - ECLIA IgG";585;552;585
2020-08-18;"Quimioluminescência - CLIA";92;32;92
2020-08-18;"RT-PCR";20380;11694;20380
2020-08-18;"TESTE RÁPIDO - ANTICORPO";42383;19867;42383
2020-08-18;"TESTE RÁPIDO - ANTÍGENO";4067;2888;4067
2020-08-18;NA;3;0;3
2020-08-19;"Enzimaimunoensaio  ELISA";36;33;36
2020-08-19;"Enzimaimunoensaio - ELISA IgM";386;377;386
2020-08-19;"Imunoensaio por Eletroquimioluminescência  ECLIA";83;62;83
2020-08-19;"Imunoensaio por Eletroquimioluminescência - ECLIA IgG";591;436;591
2020-08-19;"Quimioluminescência - CLIA";61;26;61
2020-08-19;"RT-PCR";19380;11267;19380
2020-08-19;"TESTE RÁPIDO - ANTICORPO";40258;18974;40258
2020-08-19;"TESTE RÁPIDO - ANTÍGENO";4310;2618;4310
2020-08-19;NA;1;1;1
2020-08-20;"Enzimaimunoensaio  ELISA";37;38;37
2020-08-20;"Enzimaimunoensaio - ELISA IgM";129;235;129
2020-08-20;"Imunoensaio por Eletroquimioluminescência  ECLIA";104;49;104
2020-08-20;"Imunoensaio por Eletroquimioluminescência - ECLIA IgG";213;130;213
2020-08-20;"Quimioluminescência - CLIA";76;26;76
2020-08-20;"RT-PCR";12876;6939;12876
2020-08-20;"TESTE RÁPIDO - ANTICORPO";27179;12515;27179
2020-08-20;"TESTE RÁPIDO - ANTÍGENO";2831;2110;2831
2020-08-20;NA;0;0;0
2020-08-21;"Enzimaimunoensaio  ELISA";40;47;40
2020-08-21;"Enzimaimunoensaio - ELISA IgM";268;468;268
2020-08-21;"Imunoensaio por Eletroquimioluminescência  ECLIA";111;75;111
2020-08-21;"Imunoensaio por Eletroquimioluminescência - ECLIA IgG";685;362;685
2020-08-21;"Quimioluminescência - CLIA";89;49;89
2020-08-21;"RT-PCR";19754;9977;19754
2020-08-21;"TESTE RÁPIDO - ANTICORPO";46529;19435;46529
2020-08-21;"TESTE RÁPIDO - ANTÍGENO";4550;2903;4550
2020-08-21;NA;0;0;0
2020-08-22;"Enzimaimunoensaio  ELISA";41;10;41
2020-08-22;"Enzimaimunoensaio - ELISA IgM";80;103;80
2020-08-22;"Imunoensaio por Eletroquimioluminescência  ECLIA";58;19;58
2020-08-22;"Imunoensaio por Eletroquimioluminescência - ECLIA IgG";152;87;152
2020-08-22;"Quimioluminescência - CLIA";51;20;51
2020-08-22;"RT-PCR";4523;3499;4523
2020-08-22;"TESTE RÁPIDO - ANTICORPO";19656;5864;19656
2020-08-22;"TESTE RÁPIDO - ANTÍGENO";1328;721;1328
2020-08-22;NA;0;0;0
2020-08-23;"Enzimaimunoensaio  ELISA";8;5;8
2020-08-23;"Enzimaimunoensaio - ELISA IgM";15;85;15
2020-08-23;"Imunoensaio por Eletroquimioluminescência  ECLIA";14;8;14
2020-08-23;"Imunoensaio por Eletroquimioluminescência - ECLIA IgG";54;138;54
2020-08-23;"Quimioluminescência - CLIA";19;5;19
2020-08-23;"RT-PCR";3139;2828;3139
2020-08-23;"TESTE RÁPIDO - ANTICORPO";10735;3739;10735
2020-08-23;"TESTE RÁPIDO - ANTÍGENO";777;464;777
2020-08-23;NA;0;0;0
2020-08-24;"Enzimaimunoensaio  ELISA";55;56;55
2020-08-24;"Enzimaimunoensaio - ELISA IgM";264;259;264
2020-08-24;"Imunoensaio por Eletroquimioluminescência  ECLIA";127;108;127
2020-08-24;"Imunoensaio por Eletroquimioluminescência - ECLIA IgG";462;477;462
2020-08-24;"Quimioluminescência - CLIA";134;74;134
2020-08-24;"RT-PCR";21864;12622;21864
2020-08-24;"TESTE RÁPIDO - ANTICORPO";50692;20979;50692
2020-08-24;"TESTE RÁPIDO - ANTÍGENO";4505;3251;4505
2020-08-24;NA;0;0;0
2020-08-25;"Enzimaimunoensaio  ELISA";54;77;54
2020-08-25;"Enzimaimunoensaio - ELISA IgM";282;205;282
2020-08-25;"Imunoensaio por Eletroquimioluminescência  ECLIA";141;102;141
2020-08-25;"Imunoensaio por Eletroquimioluminescência - ECLIA IgG";459;368;459
2020-08-25;"Quimioluminescência - CLIA";241;104;241
2020-08-25;"RT-PCR";18396;10701;18396
2020-08-25;"TESTE RÁPIDO - ANTICORPO";53602;20059;53602
2020-08-25;"TESTE RÁPIDO - ANTÍGENO";4553;3097;4553
2020-08-25;NA;0;1;0
2020-08-26;"Enzimaimunoensaio  ELISA";233;129;233
2020-08-26;"Enzimaimunoensaio - ELISA IgM";0;3;0
2020-08-26;"Imunoensaio por Eletroquimioluminescência  ECLIA";370;170;370
2020-08-26;"Quimioluminescência - CLIA";551;406;551
2020-08-26;"RT-PCR";19228;9881;19228
2020-08-26;"TESTE RÁPIDO - ANTICORPO";47751;18395;47751
2020-08-26;"TESTE RÁPIDO - ANTÍGENO";4320;2811;4320
2020-08-26;NA;0;0;0
2020-08-27;"Enzimaimunoensaio  ELISA";233;140;233
2020-08-27;"Enzimaimunoensaio - ELISA IgM";2;0;2
2020-08-27;"Imunoensaio por Eletroquimioluminescência  ECLIA";391;189;391
2020-08-27;"Quimioluminescência - CLIA";558;404;558
2020-08-27;"RT-PCR";18809;9782;18809
2020-08-27;"TESTE RÁPIDO - ANTICORPO";53326;18584;53326
2020-08-27;"TESTE RÁPIDO - ANTÍGENO";4494;2630;4494
2020-08-27;NA;0;0;0
2020-08-28;"Enzimaimunoensaio  ELISA";183;100;183
2020-08-28;"Imunoensaio por Eletroquimioluminescência  ECLIA";343;161;343
2020-08-28;"Quimioluminescência - CLIA";584;376;584
2020-08-28;"RT-PCR";18373;9291;18373
2020-08-28;"TESTE RÁPIDO - ANTICORPO";35990;15119;35990
2020-08-28;"TESTE RÁPIDO - ANTÍGENO";4037;2760;4037
2020-08-28;NA;0;0;0
2020-08-29;"Enzimaimunoensaio  ELISA";38;23;38
2020-08-29;"Enzimaimunoensaio - ELISA IgM";6;1;6
2020-08-29;"Imunoensaio por Eletroquimioluminescência  ECLIA";303;47;303
2020-08-29;"Imunoensaio por Eletroquimioluminescência - ECLIA IgG";0;1;0
2020-08-29;"Quimioluminescência - CLIA";211;137;211
2020-08-29;"RT-PCR";4501;3010;4501
2020-08-29;"TESTE RÁPIDO - ANTICORPO";15436;3896;15436
2020-08-29;"TESTE RÁPIDO - ANTÍGENO";1446;770;1446
2020-08-29;NA;0;0;0
2020-08-30;"Enzimaimunoensaio  ELISA";30;6;30
2020-08-30;"Imunoensaio por Eletroquimioluminescência  ECLIA";52;20;52
2020-08-30;"Quimioluminescência - CLIA";132;74;132
2020-08-30;"RT-PCR";4470;2256;4470
2020-08-30;"TESTE RÁPIDO - ANTICORPO";6811;2312;6811
2020-08-30;"TESTE RÁPIDO - ANTÍGENO";751;312;751
2020-08-30;NA;0;0;0
2020-08-31;"Enzimaimunoensaio  ELISA";194;142;194
2020-08-31;"Imunoensaio por Eletroquimioluminescência  ECLIA";422;173;422
2020-08-31;"Quimioluminescência - CLIA";687;442;687
2020-08-31;"RT-PCR";20272;11258;20272
2020-08-31;"TESTE RÁPIDO - ANTICORPO";36718;17258;36718
2020-08-31;"TESTE RÁPIDO - ANTÍGENO";4205;2767;4205
2020-08-31;NA;0;0;0
2020-09-01;"Enzimaimunoensaio  ELISA";133;98;133
2020-09-01;"Imunoensaio por Eletroquimioluminescência  ECLIA";274;123;274
2020-09-01;"Quimioluminescência - CLIA";588;260;588
2020-09-01;"RT-PCR";16567;9611;16567
2020-09-01;"TESTE RÁPIDO - ANTICORPO";54573;18727;54573
2020-09-01;"TESTE RÁPIDO - ANTÍGENO";3895;2635;3895
2020-09-01;NA;0;0;0
2020-09-02;"Enzimaimunoensaio  ELISA";194;159;194
2020-09-02;"Imunoensaio por Eletroquimioluminescência  ECLIA";340;181;340
2020-09-02;"Quimioluminescência - CLIA";718;351;718
2020-09-02;"RT-PCR";17124;9380;17124
2020-09-02;"TESTE RÁPIDO - ANTICORPO";67098;20202;67098
2020-09-02;"TESTE RÁPIDO - ANTÍGENO";3932;2321;3932
2020-09-02;NA;0;0;0
2020-09-03;"Enzimaimunoensaio  ELISA";109;55;109
2020-09-03;"Imunoensaio por Eletroquimioluminescência  ECLIA";117;88;117
2020-09-03;"Quimioluminescência - CLIA";413;269;413
2020-09-03;"RT-PCR";13230;7342;13230
2020-09-03;"TESTE RÁPIDO - ANTICORPO";17298;9774;17298
2020-09-03;"TESTE RÁPIDO - ANTÍGENO";1900;1691;1900
2020-09-03;NA;0;0;0
2020-09-04;"Enzimaimunoensaio  ELISA";164;85;164
2020-09-04;"Imunoensaio por Eletroquimioluminescência  ECLIA";283;115;283
2020-09-04;"Quimioluminescência - CLIA";659;407;659
2020-09-04;"RT-PCR";15028;7985;15028
2020-09-04;"TESTE RÁPIDO - ANTICORPO";33579;13466;33579
2020-09-04;"TESTE RÁPIDO - ANTÍGENO";4252;2325;4252
2020-09-04;NA;0;0;0
2020-09-05;"Enzimaimunoensaio  ELISA";25;30;25
2020-09-05;"Imunoensaio por Eletroquimioluminescência  ECLIA";113;26;113
2020-09-05;"Quimioluminescência - CLIA";121;131;121
2020-09-05;"RT-PCR";5028;3179;5028
2020-09-05;"TESTE RÁPIDO - ANTICORPO";8464;3686;8464
2020-09-05;"TESTE RÁPIDO - ANTÍGENO";1291;728;1291
2020-09-05;NA;0;0;0
2020-09-06;"Enzimaimunoensaio  ELISA";19;17;19
2020-09-06;"Imunoensaio por Eletroquimioluminescência  ECLIA";113;63;113
2020-09-06;"Quimioluminescência - CLIA";43;16;43
2020-09-06;"RT-PCR";5357;2137;5357
2020-09-06;"TESTE RÁPIDO - ANTICORPO";4329;1836;4329
2020-09-06;"TESTE RÁPIDO - ANTÍGENO";627;314;627
2020-09-06;NA;0;0;0
2020-09-07;"Enzimaimunoensaio  ELISA";12;21;12
2020-09-07;"Imunoensaio por Eletroquimioluminescência  ECLIA";34;10;34
2020-09-07;"Quimioluminescência - CLIA";51;111;51
2020-09-07;"RT-PCR";3920;3014;3920
2020-09-07;"TESTE RÁPIDO - ANTICORPO";6217;2923;6217
2020-09-07;"TESTE RÁPIDO - ANTÍGENO";854;549;854
2020-09-07;NA;0;0;0
2020-09-08;"Enzimaimunoensaio  ELISA";158;174;158
2020-09-08;"Imunoensaio por Eletroquimioluminescência  ECLIA";310;165;310
2020-09-08;"Imunoensaio por Eletroquimioluminescência - ECLIA IgG";1;0;1
2020-09-08;"Quimioluminescência - CLIA";947;410;947
2020-09-08;"RT-PCR";19247;11131;19247
2020-09-08;"TESTE RÁPIDO - ANTICORPO";35131;15297;35131
2020-09-08;"TESTE RÁPIDO - ANTÍGENO";4754;2581;4754
2020-09-08;NA;0;0;0
2020-09-09;"Enzimaimunoensaio  ELISA";141;96;141
2020-09-09;"Imunoensaio por Eletroquimioluminescência  ECLIA";279;135;279
2020-09-09;"Quimioluminescência - CLIA";929;444;929
2020-09-09;"RT-PCR";18343;10243;18343
2020-09-09;"TESTE RÁPIDO - ANTICORPO";33243;13776;33243
2020-09-09;"TESTE RÁPIDO - ANTÍGENO";4439;2471;4439
2020-09-09;NA;0;0;0
2020-09-10;"Enzimaimunoensaio  ELISA";125;189;125
2020-09-10;"Imunoensaio por Eletroquimioluminescência  ECLIA";228;134;228
2020-09-10;"Quimioluminescência - CLIA";1044;449;1044
2020-09-10;"RT-PCR";15917;9169;15917
2020-09-10;"TESTE RÁPIDO - ANTICORPO";33064;13149;33064
2020-09-10;"TESTE RÁPIDO - ANTÍGENO";3836;2281;3836
2020-09-10;NA;0;0;0
2020-09-11;"Enzimaimunoensaio  ELISA";82;77;82
2020-09-11;"Imunoensaio por Eletroquimioluminescência  ECLIA";318;114;318
2020-09-11;"Quimioluminescência - CLIA";862;429;862
2020-09-11;"RT-PCR";14447;8596;14447
2020-09-11;"TESTE RÁPIDO - ANTICORPO";30549;11790;30549
2020-09-11;"TESTE RÁPIDO - ANTÍGENO";4128;2106;4128
2020-09-11;NA;0;0;0
2020-09-12;"Enzimaimunoensaio  ELISA";26;23;26
2020-09-12;"Imunoensaio por Eletroquimioluminescência  ECLIA";153;35;153
2020-09-12;"Quimioluminescência - CLIA";189;164;189
2020-09-12;"RT-PCR";4563;3509;4563
2020-09-12;"TESTE RÁPIDO - ANTICORPO";8356;3450;8356
2020-09-12;"TESTE RÁPIDO - ANTÍGENO";1162;596;1162
2020-09-12;NA;0;0;0
2020-09-13;"Enzimaimunoensaio  ELISA";8;3;8
2020-09-13;"Imunoensaio por Eletroquimioluminescência  ECLIA";29;13;29
2020-09-13;"Quimioluminescência - CLIA";111;40;111
2020-09-13;"RT-PCR";3101;2337;3101
2020-09-13;"TESTE RÁPIDO - ANTICORPO";4199;1848;4199
2020-09-13;"TESTE RÁPIDO - ANTÍGENO";457;714;457
2020-09-13;NA;0;0;0
2020-09-14;"Enzimaimunoensaio  ELISA";241;159;241
2020-09-14;"Imunoensaio por Eletroquimioluminescência  ECLIA";206;175;206
2020-09-14;"Quimioluminescência - CLIA";713;418;713
2020-09-14;"RT-PCR";18108;10708;18108
2020-09-14;"TESTE RÁPIDO - ANTICORPO";33651;13588;33651
2020-09-14;"TESTE RÁPIDO - ANTÍGENO";4212;2883;4212
2020-09-14;NA;1;0;1
2020-09-15;"Enzimaimunoensaio  ELISA";118;75;118
2020-09-15;"Imunoensaio por Eletroquimioluminescência  ECLIA";260;184;260
2020-09-15;"Quimioluminescência - CLIA";713;350;713
2020-09-15;"RT-PCR";16214;9286;16214
2020-09-15;"TESTE RÁPIDO - ANTICORPO";31013;12258;31013
2020-09-15;"TESTE RÁPIDO - ANTÍGENO";3446;2493;3446
2020-09-15;NA;0;0;0
2020-09-16;"Enzimaimunoensaio  ELISA";139;76;139
2020-09-16;"Imunoensaio por Eletroquimioluminescência  ECLIA";151;121;151
2020-09-16;"Quimioluminescência - CLIA";593;409;593
2020-09-16;"RT-PCR";15294;8732;15294
2020-09-16;"TESTE RÁPIDO - ANTICORPO";29740;11287;29740
2020-09-16;"TESTE RÁPIDO - ANTÍGENO";3562;1957;3562
2020-09-16;NA;0;0;0
2020-09-17;"Enzimaimunoensaio  ELISA";281;100;281
2020-09-17;"Imunoensaio por Eletroquimioluminescência  ECLIA";288;148;288
2020-09-17;"Quimioluminescência - CLIA";735;476;735
2020-09-17;"RT-PCR";16067;8663;16067
2020-09-17;"TESTE RÁPIDO - ANTICORPO";30976;11575;30976
2020-09-17;"TESTE RÁPIDO - ANTÍGENO";3553;1868;3553
2020-09-17;NA;0;0;0
2020-09-18;"Enzimaimunoensaio  ELISA";143;57;143
2020-09-18;"Imunoensaio por Eletroquimioluminescência  ECLIA";201;67;201
2020-09-18;"Quimioluminescência - CLIA";580;334;580
2020-09-18;"RT-PCR";14323;7968;14323
2020-09-18;"TESTE RÁPIDO - ANTICORPO";30420;11213;30420
2020-09-18;"TESTE RÁPIDO - ANTÍGENO";3992;2019;3992
2020-09-18;NA;0;1;0
2020-09-19;"Quimioluminescência - CLIA";0;6;0
2020-09-19;"RT-PCR";4403;2734;4403
2020-09-19;"TESTE RÁPIDO - ANTICORPO";8519;2969;8519
2020-09-19;"TESTE RÁPIDO - ANTÍGENO";1048;586;1048
2020-09-19;NA;0;0;0
2020-09-20;"RT-PCR";4003;1998;4003
2020-09-20;"TESTE RÁPIDO - ANTICORPO";4567;1783;4567
2020-09-20;"TESTE RÁPIDO - ANTÍGENO";499;254;499
2020-09-20;NA;0;0;0
2020-09-21;"Imunoensaio por Eletroquimioluminescência  ECLIA";46;0;46
2020-09-21;"RT-PCR";18947;9722;18947
2020-09-21;"TESTE RÁPIDO - ANTICORPO";30691;12235;30691
2020-09-21;"TESTE RÁPIDO - ANTÍGENO";3524;2125;3524
2020-09-21;NA;0;0;0
2020-09-22;"Enzimaimunoensaio - ELISA IgM";1;0;1
2020-09-22;"Quimioluminescência - CLIA";0;1;0
2020-09-22;"RT-PCR";14950;7926;14950
2020-09-22;"TESTE RÁPIDO - ANTICORPO";31091;11591;31091
2020-09-22;"TESTE RÁPIDO - ANTÍGENO";3733;1935;3733
2020-09-22;NA;2;0;2
2020-09-23;"Quimioluminescência - CLIA";1;0;1
2020-09-23;"RT-PCR";15444;7779;15444
2020-09-23;"TESTE RÁPIDO - ANTICORPO";29472;10942;29472
2020-09-23;"TESTE RÁPIDO - ANTÍGENO";3682;1854;3682
2020-09-23;NA;0;0;0
2020-09-24;"Imunoensaio por Eletroquimioluminescência - ECLIA IgG";1;0;1
2020-09-24;"RT-PCR";15220;7392;15220
2020-09-24;"TESTE RÁPIDO - ANTICORPO";28058;9789;28058
2020-09-24;"TESTE RÁPIDO - ANTÍGENO";3560;1817;3560
2020-09-24;NA;0;0;0
2020-09-25;"RT-PCR";14070;6636;14070
2020-09-25;"TESTE RÁPIDO - ANTICORPO";27023;9480;27023
2020-09-25;"TESTE RÁPIDO - ANTÍGENO";3445;1577;3445
2020-09-25;NA;0;0;0
2020-09-26;"RT-PCR";4547;2598;4547
2020-09-26;"TESTE RÁPIDO - ANTICORPO";8875;2911;8875
2020-09-26;"TESTE RÁPIDO - ANTÍGENO";1143;651;1143
2020-09-26;NA;0;0;0
2020-09-27;"Imunoensaio por Eletroquimioluminescência  ECLIA";0;0;0
2020-09-27;"RT-PCR";4239;1983;4239
2020-09-27;"TESTE RÁPIDO - ANTICORPO";3377;1407;3377
2020-09-27;"TESTE RÁPIDO - ANTÍGENO";424;176;424
2020-09-27;NA;0;0;0
2020-09-28;"Quimioluminescência - CLIA";0;1;0
2020-09-28;"RT-PCR";18325;9624;18325
2020-09-28;"TESTE RÁPIDO - ANTICORPO";30410;11140;30410
2020-09-28;"TESTE RÁPIDO - ANTÍGENO";3469;1845;3469
2020-09-28;NA;0;0;0
2020-09-29;"Enzimaimunoensaio  ELISA";1;0;1
2020-09-29;"Enzimaimunoensaio - ELISA IgM";3;0;3
2020-09-29;"RT-PCR";15906;8141;15906
2020-09-29;"TESTE RÁPIDO - ANTICORPO";36411;12307;36411
2020-09-29;"TESTE RÁPIDO - ANTÍGENO";3378;1502;3378
2020-09-29;NA;0;0;0
2020-09-30;"Enzimaimunoensaio  ELISA";27;1;27
2020-09-30;"Imunoensaio por Eletroquimioluminescência  ECLIA";1;0;1
2020-09-30;"RT-PCR";14542;7264;14542
2020-09-30;"TESTE RÁPIDO - ANTICORPO";35003;10532;35003
2020-09-30;"TESTE RÁPIDO - ANTÍGENO";2942;1429;2942
2020-09-30;NA;0;0;0
2020-10-01;"Enzimaimunoensaio  ELISA";1;0;1
2020-10-01;"RT-PCR";13258;6813;13258
2020-10-01;"TESTE RÁPIDO - ANTICORPO";24489;8644;24489
2020-10-01;"TESTE RÁPIDO - ANTÍGENO";3030;1514;3030
2020-10-01;NA;0;0;0
2020-10-02;"Imunoensaio por Eletroquimioluminescência - ECLIA IgG";1;0;1
2020-10-02;"RT-PCR";12865;5733;12865
2020-10-02;"TESTE RÁPIDO - ANTICORPO";44549;10719;44549
2020-10-02;"TESTE RÁPIDO - ANTÍGENO";2907;1664;2907
2020-10-02;NA;0;0;0
2020-10-03;"RT-PCR";3414;1985;3414
2020-10-03;"TESTE RÁPIDO - ANTICORPO";11722;2869;11722
2020-10-03;"TESTE RÁPIDO - ANTÍGENO";517;277;517
2020-10-03;NA;0;0;0
2020-10-04;"RT-PCR";4016;1820;4016
2020-10-04;"TESTE RÁPIDO - ANTICORPO";3300;1085;3300
2020-10-04;"TESTE RÁPIDO - ANTÍGENO";621;199;621
2020-10-04;NA;0;0;0
2020-10-05;"Quimioluminescência - CLIA";0;0;0
2020-10-05;"RT-PCR";16473;8127;16473
2020-10-05;"TESTE RÁPIDO - ANTICORPO";29262;10084;29262
2020-10-05;"TESTE RÁPIDO - ANTÍGENO";3243;1535;3243
2020-10-05;NA;0;0;0
2020-10-06;"RT-PCR";14575;6854;14575
2020-10-06;"TESTE RÁPIDO - ANTICORPO";25354;8254;25354
2020-10-06;"TESTE RÁPIDO - ANTÍGENO";3168;1520;3168
2020-10-06;NA;1;0;1
2020-10-07;"RT-PCR";12259;5788;12259
2020-10-07;"TESTE RÁPIDO - ANTICORPO";23291;7545;23291
2020-10-07;"TESTE RÁPIDO - ANTÍGENO";2747;1279;2747
2020-10-07;NA;0;0;0
2020-10-08;"RT-PCR";11136;5569;11136
2020-10-08;"TESTE RÁPIDO - ANTICORPO";43856;10644;43856
2020-10-08;"TESTE RÁPIDO - ANTÍGENO";2907;1206;2907
2020-10-08;NA;0;0;0
2020-10-09;"RT-PCR";10425;4797;10425
2020-10-09;"TESTE RÁPIDO - ANTICORPO";57102;11815;57102
2020-10-09;"TESTE RÁPIDO - ANTÍGENO";2943;1187;2943
2020-10-09;NA;0;0;0
2020-10-10;"RT-PCR";2734;1683;2734
2020-10-10;"TESTE RÁPIDO - ANTICORPO";35793;5897;35793
2020-10-10;"TESTE RÁPIDO - ANTÍGENO";822;371;822
2020-10-10;NA;0;0;0
2020-10-11;"RT-PCR";1636;941;1636
2020-10-11;"TESTE RÁPIDO - ANTICORPO";2217;741;2217
2020-10-11;"TESTE RÁPIDO - ANTÍGENO";284;256;284
2020-10-11;NA;0;0;0
2020-10-12;"RT-PCR";1665;1215;1665
2020-10-12;"TESTE RÁPIDO - ANTICORPO";3181;1246;3181
2020-10-12;"TESTE RÁPIDO - ANTÍGENO";410;276;410
2020-10-12;NA;0;0;0
2020-10-13;"RT-PCR";8549;5130;8549
2020-10-13;"TESTE RÁPIDO - ANTICORPO";20299;7186;20299
2020-10-13;"TESTE RÁPIDO - ANTÍGENO";3084;1719;3084
2020-10-13;NA;0;0;0
2020-10-14;"RT-PCR";5596;2778;5596
2020-10-14;"TESTE RÁPIDO - ANTICORPO";30902;7911;30902
2020-10-14;"TESTE RÁPIDO - ANTÍGENO";1343;818;1343
2020-10-14;NA;0;0;0
2020-10-15;"RT-PCR";4878;2355;4878
2020-10-15;"TESTE RÁPIDO - ANTICORPO";15320;4470;15320
2020-10-15;"TESTE RÁPIDO - ANTÍGENO";1150;816;1150
2020-10-15;NA;0;0;0
2020-10-16;"RT-PCR";4259;1854;4259
2020-10-16;"TESTE RÁPIDO - ANTICORPO";28316;5184;28316
2020-10-16;"TESTE RÁPIDO - ANTÍGENO";875;783;875
2020-10-16;NA;0;0;0
2020-10-17;"RT-PCR";1519;423;1519
2020-10-17;"TESTE RÁPIDO - ANTICORPO";39766;5519;39766
2020-10-17;"TESTE RÁPIDO - ANTÍGENO";311;298;311
2020-10-17;NA;0;0;0
2020-10-18;"RT-PCR";755;245;755
2020-10-18;"TESTE RÁPIDO - ANTICORPO";30204;3925;30204
2020-10-18;"TESTE RÁPIDO - ANTÍGENO";140;162;140
2020-10-18;NA;0;0;0
2020-10-19;"RT-PCR";2813;971;2813
2020-10-19;"TESTE RÁPIDO - ANTICORPO";6452;2828;6452
2020-10-19;"TESTE RÁPIDO - ANTÍGENO";801;528;801
2020-10-19;NA;0;0;0
2020-10-20;"RT-PCR";1323;761;1323
2020-10-20;"TESTE RÁPIDO - ANTICORPO";5547;2235;5547
2020-10-20;"TESTE RÁPIDO - ANTÍGENO";738;421;738
2020-10-20;NA;0;0;0
2020-10-21;"RT-PCR";1;0;1
2020-10-21;"TESTE RÁPIDO - ANTICORPO";6;0;6
2020-10-22;"RT-PCR";1;1;1
2020-10-22;"TESTE RÁPIDO - ANTICORPO";3;0;3
2020-10-25;"TESTE RÁPIDO - ANTICORPO";2;0;2
